TIENDA;DIRECCION CAMARA Y COMERCIO;CIUDAD/MUNICIPIO;DEPARTAMENTO;;;;;;;;;;;;;;;;;;;;;;;;;;;;;;;;;;;;;;;;;;;;;;;;;;;;;;;;;;;;;;;;;;;;;;;;;;;;;;;;;;;;;
CAPARRAPI;TRANSVERSAL 4 NRO 3A-25/29/35;CUNDINAMARCA;BOGOTµ;;;;;;;;;;;;;;;;;;;;;;;;;;;;;;;;;;;;;;;;;;;;;;;;;;;;;;;;;;;;;;;;;;;;;;;;;;;;;;;;;;;;;
GUADUAS;CL 2 8 03;CUNDINAMARCA;BOGOTµ;;;;;;;;;;;;;;;;;;;;;;;;;;;;;;;;;;;;;;;;;;;;;;;;;;;;;;;;;;;;;;;;;;;;;;;;;;;;;;;;;;;;;
GUADUAS SANTA MARIA;CARRERA 5 N 10 60;CUNDINAMARCA;BOGOTµ;;;;;;;;;;;;;;;;;;;;;;;;;;;;;;;;;;;;;;;;;;;;;;;;;;;;;;;;;;;;;;;;;;;;;;;;;;;;;;;;;;;;;
SASAIMA;CARRERA 3 6 - 02/08/16;CUNDINAMARCA;BOGOTµ;;;;;;;;;;;;;;;;;;;;;;;;;;;;;;;;;;;;;;;;;;;;;;;;;;;;;;;;;;;;;;;;;;;;;;;;;;;;;;;;;;;;;
UTICA;CR 3 3 39/41;CUNDINAMARCA;BOGOTµ;;;;;;;;;;;;;;;;;;;;;;;;;;;;;;;;;;;;;;;;;;;;;;;;;;;;;;;;;;;;;;;;;;;;;;;;;;;;;;;;;;;;;
VILLETA;CALLE 3 5 - 63;CUNDINAMARCA;BOGOTµ;;;;;;;;;;;;;;;;;;;;;;;;;;;;;;;;;;;;;;;;;;;;;;;;;;;;;;;;;;;;;;;;;;;;;;;;;;;;;;;;;;;;;
VILLETA CENTRO;CRA 8 N 4-24/ 30;CUNDINAMARCA;BOGOTµ;;;;;;;;;;;;;;;;;;;;;;;;;;;;;;;;;;;;;;;;;;;;;;;;;;;;;;;;;;;;;;;;;;;;;;;;;;;;;;;;;;;;;
TRINIDAD;CR 66 NO. 4 G - 01;BOGOTµ;BOGOTµ;;;;;;;;;;;;;;;;;;;;;;;;;;;;;;;;;;;;;;;;;;;;;;;;;;;;;;;;;;;;;;;;;;;;;;;;;;;;;;;;;;;;;
NUEVA MARSELLA;CL 2 A NO. 69 F - 06;BOGOTµ;BOGOTµ;;;;;;;;;;;;;;;;;;;;;;;;;;;;;;;;;;;;;;;;;;;;;;;;;;;;;;;;;;;;;;;;;;;;;;;;;;;;;;;;;;;;;
MARSELLA ANTIGUA;CL 6 A 70 44;BOGOTµ;BOGOTµ;;;;;;;;;;;;;;;;;;;;;;;;;;;;;;;;;;;;;;;;;;;;;;;;;;;;;;;;;;;;;;;;;;;;;;;;;;;;;;;;;;;;;
PLAZA DE LAS AMERICAS;Calle 3 # 71c-19;BOGOTµ;BOGOTµ;;;;;;;;;;;;;;;;;;;;;;;;;;;;;;;;;;;;;;;;;;;;;;;;;;;;;;;;;;;;;;;;;;;;;;;;;;;;;;;;;;;;;
ICONIK 68;AV. CARRERA 68# 05 - 93;BOGOTµ;BOGOTµ;;;;;;;;;;;;;;;;;;;;;;;;;;;;;;;;;;;;;;;;;;;;;;;;;;;;;;;;;;;;;;;;;;;;;;;;;;;;;;;;;;;;;
ALOHA;CALLE 7A # 71B - 69 75;BOGOTµ;BOGOTµ;;;;;;;;;;;;;;;;;;;;;;;;;;;;;;;;;;;;;;;;;;;;;;;;;;;;;;;;;;;;;;;;;;;;;;;;;;;;;;;;;;;;;
CENTRAL AMERICAS;CALLE 5 # 71 a - 40;BOGOTµ;BOGOTµ;;;;;;;;;;;;;;;;;;;;;;;;;;;;;;;;;;;;;;;;;;;;;;;;;;;;;;;;;;;;;;;;;;;;;;;;;;;;;;;;;;;;;
PUENTE ARANDA;KR 56 14 44;BOGOTµ;BOGOTµ;;;;;;;;;;;;;;;;;;;;;;;;;;;;;;;;;;;;;;;;;;;;;;;;;;;;;;;;;;;;;;;;;;;;;;;;;;;;;;;;;;;;;
ZONA IN;AC 13 NO. 65 - 21;BOGOTµ;BOGOTµ;;;;;;;;;;;;;;;;;;;;;;;;;;;;;;;;;;;;;;;;;;;;;;;;;;;;;;;;;;;;;;;;;;;;;;;;;;;;;;;;;;;;;
QUINTAPAREDES;AV ESPERANZA NO. 48 50;BOGOTµ;BOGOTµ;;;;;;;;;;;;;;;;;;;;;;;;;;;;;;;;;;;;;;;;;;;;;;;;;;;;;;;;;;;;;;;;;;;;;;;;;;;;;;;;;;;;;
ESMERALDA;CL 44 50 62;BOGOTµ;BOGOTµ;;;;;;;;;;;;;;;;;;;;;;;;;;;;;;;;;;;;;;;;;;;;;;;;;;;;;;;;;;;;;;;;;;;;;;;;;;;;;;;;;;;;;
GRAN ESTACION;CR 60 # 24 - 09;BOGOTµ;BOGOTµ;;;;;;;;;;;;;;;;;;;;;;;;;;;;;;;;;;;;;;;;;;;;;;;;;;;;;;;;;;;;;;;;;;;;;;;;;;;;;;;;;;;;;
PAULO VI;CR 53 # 56B - 04;BOGOTµ;BOGOTµ;;;;;;;;;;;;;;;;;;;;;;;;;;;;;;;;;;;;;;;;;;;;;;;;;;;;;;;;;;;;;;;;;;;;;;;;;;;;;;;;;;;;;
ESMERALDA CLL 53;CALLE 53 # 58 - 33/41;BOGOTµ;BOGOTµ;;;;;;;;;;;;;;;;;;;;;;;;;;;;;;;;;;;;;;;;;;;;;;;;;;;;;;;;;;;;;;;;;;;;;;;;;;;;;;;;;;;;;
FOMEQUE;CR 4 # 3 - 75;CUNDINAMARCA;BOGOTµ;;;;;;;;;;;;;;;;;;;;;;;;;;;;;;;;;;;;;;;;;;;;;;;;;;;;;;;;;;;;;;;;;;;;;;;;;;;;;;;;;;;;;
CHOACHI;CR 3 # 1 - 46;CUNDINAMARCA;BOGOTµ;;;;;;;;;;;;;;;;;;;;;;;;;;;;;;;;;;;;;;;;;;;;;;;;;;;;;;;;;;;;;;;;;;;;;;;;;;;;;;;;;;;;;
UBAQUE;CL 2 CR 7 ESQ;CUNDINAMARCA;BOGOTµ;;;;;;;;;;;;;;;;;;;;;;;;;;;;;;;;;;;;;;;;;;;;;;;;;;;;;;;;;;;;;;;;;;;;;;;;;;;;;;;;;;;;;
PLAZA DE TOROS;CL 27 # 5 A - 12;BOGOTµ;BOGOTµ;;;;;;;;;;;;;;;;;;;;;;;;;;;;;;;;;;;;;;;;;;;;;;;;;;;;;;;;;;;;;;;;;;;;;;;;;;;;;;;;;;;;;
LA QUINTA;CL 32 # 5 - 33 LC 101 - 102 - 103;BOGOTµ;BOGOTµ;;;;;;;;;;;;;;;;;;;;;;;;;;;;;;;;;;;;;;;;;;;;;;;;;;;;;;;;;;;;;;;;;;;;;;;;;;;;;;;;;;;;;
EQUILIBRIUM 32;CARRERA 7 # 31A - 56;BOGOTµ;BOGOTµ;;;;;;;;;;;;;;;;;;;;;;;;;;;;;;;;;;;;;;;;;;;;;;;;;;;;;;;;;;;;;;;;;;;;;;;;;;;;;;;;;;;;;
LACHES;DG 4A BIS # 799;BOGOTµ;BOGOTµ;;;;;;;;;;;;;;;;;;;;;;;;;;;;;;;;;;;;;;;;;;;;;;;;;;;;;;;;;;;;;;;;;;;;;;;;;;;;;;;;;;;;;
BELEN;AV CL 6 # 0 - 58;BOGOTµ;BOGOTµ;;;;;;;;;;;;;;;;;;;;;;;;;;;;;;;;;;;;;;;;;;;;;;;;;;;;;;;;;;;;;;;;;;;;;;;;;;;;;;;;;;;;;
PROGRESO;CL 3 # 19 A - 36;BOGOTµ;BOGOTµ;;;;;;;;;;;;;;;;;;;;;;;;;;;;;;;;;;;;;;;;;;;;;;;;;;;;;;;;;;;;;;;;;;;;;;;;;;;;;;;;;;;;;
VERAGUAS;AK 30 4A - 43;BOGOTµ;BOGOTµ;;;;;;;;;;;;;;;;;;;;;;;;;;;;;;;;;;;;;;;;;;;;;;;;;;;;;;;;;;;;;;;;;;;;;;;;;;;;;;;;;;;;;
CALVO SUR;CR 8 C NO. 0 - 94 SUR;BOGOTµ;BOGOTµ;;;;;;;;;;;;;;;;;;;;;;;;;;;;;;;;;;;;;;;;;;;;;;;;;;;;;;;;;;;;;;;;;;;;;;;;;;;;;;;;;;;;;
LAS CRUCES;CALLE 2 # 7 - 62;BOGOTµ;BOGOTµ;;;;;;;;;;;;;;;;;;;;;;;;;;;;;;;;;;;;;;;;;;;;;;;;;;;;;;;;;;;;;;;;;;;;;;;;;;;;;;;;;;;;;
EDUARDO SANTOS;AC 1 # 17 A - 44;BOGOTµ;BOGOTµ;;;;;;;;;;;;;;;;;;;;;;;;;;;;;;;;;;;;;;;;;;;;;;;;;;;;;;;;;;;;;;;;;;;;;;;;;;;;;;;;;;;;;
LA PRIMERA ;CRA 1 # 8 - 20 LC 5;BOGOTµ;BOGOTµ;;;;;;;;;;;;;;;;;;;;;;;;;;;;;;;;;;;;;;;;;;;;;;;;;;;;;;;;;;;;;;;;;;;;;;;;;;;;;;;;;;;;;
LA CAMELIA;CRA 50# 18-37;BOGOTµ;BOGOTµ;;;;;;;;;;;;;;;;;;;;;;;;;;;;;;;;;;;;;;;;;;;;;;;;;;;;;;;;;;;;;;;;;;;;;;;;;;;;;;;;;;;;;
SANTA ISABEL 2;Calle 2 #28-06;BOGOTµ;BOGOTµ;;;;;;;;;;;;;;;;;;;;;;;;;;;;;;;;;;;;;;;;;;;;;;;;;;;;;;;;;;;;;;;;;;;;;;;;;;;;;;;;;;;;;
MADRID CALLE 7;CALLE 7 # 4-92/94 CALLE 7 #5-04;CUNDINAMARCA;BOGOTµ;;;;;;;;;;;;;;;;;;;;;;;;;;;;;;;;;;;;;;;;;;;;;;;;;;;;;;;;;;;;;;;;;;;;;;;;;;;;;;;;;;;;;
MADRID EL SOSIEGO;CR 21 # 5 -34;CUNDINAMARCA;BOGOTµ;;;;;;;;;;;;;;;;;;;;;;;;;;;;;;;;;;;;;;;;;;;;;;;;;;;;;;;;;;;;;;;;;;;;;;;;;;;;;;;;;;;;;
MOSQUERA CENTRO;CARRERA 5 NO 3 - 24 28;CUNDINAMARCA;BOGOTµ;;;;;;;;;;;;;;;;;;;;;;;;;;;;;;;;;;;;;;;;;;;;;;;;;;;;;;;;;;;;;;;;;;;;;;;;;;;;;;;;;;;;;
MOSQUERA LOS PUERTOS;CARRERA 7B #10A-38 LOCAL COMERCIAL 1 ;CUNDINAMARCA;BOGOTµ;;;;;;;;;;;;;;;;;;;;;;;;;;;;;;;;;;;;;;;;;;;;;;;;;;;;;;;;;;;;;;;;;;;;;;;;;;;;;;;;;;;;;
MOSQUERA RUBI;CARRERA 11E NO 19B-03;CUNDINAMARCA;BOGOTµ;;;;;;;;;;;;;;;;;;;;;;;;;;;;;;;;;;;;;;;;;;;;;;;;;;;;;;;;;;;;;;;;;;;;;;;;;;;;;;;;;;;;;
MOSQUERA SANTA ANA;CARRERA 12 C N 10 A -05;CUNDINAMARCA;BOGOTµ;;;;;;;;;;;;;;;;;;;;;;;;;;;;;;;;;;;;;;;;;;;;;;;;;;;;;;;;;;;;;;;;;;;;;;;;;;;;;;;;;;;;;
MOSQUERA EL TREBOL;CRA 4 ESTE # 15 - 81;CUNDINAMARCA;BOGOTµ;;;;;;;;;;;;;;;;;;;;;;;;;;;;;;;;;;;;;;;;;;;;;;;;;;;;;;;;;;;;;;;;;;;;;;;;;;;;;;;;;;;;;
EDS MALTA;VILLAS DE MALTA ;CUNDINAMARCA;BOGOTµ;;;;;;;;;;;;;;;;;;;;;;;;;;;;;;;;;;;;;;;;;;;;;;;;;;;;;;;;;;;;;;;;;;;;;;;;;;;;;;;;;;;;;
LA VEGA GAITAN;K. 4 NRO. 10-94;CUNDINAMARCA;BOGOTµ;;;;;;;;;;;;;;;;;;;;;;;;;;;;;;;;;;;;;;;;;;;;;;;;;;;;;;;;;;;;;;;;;;;;;;;;;;;;;;;;;;;;;
LA VEGA PLAZA;CR 1 21 72;CUNDINAMARCA;BOGOTµ;;;;;;;;;;;;;;;;;;;;;;;;;;;;;;;;;;;;;;;;;;;;;;;;;;;;;;;;;;;;;;;;;;;;;;;;;;;;;;;;;;;;;
NOCAIMA;CARRERA 3 # 5-15;CUNDINAMARCA;BOGOTµ;;;;;;;;;;;;;;;;;;;;;;;;;;;;;;;;;;;;;;;;;;;;;;;;;;;;;;;;;;;;;;;;;;;;;;;;;;;;;;;;;;;;;
SAN FRANCISCO;CL 48 64 / 70;CUNDINAMARCA;BOGOTµ;;;;;;;;;;;;;;;;;;;;;;;;;;;;;;;;;;;;;;;;;;;;;;;;;;;;;;;;;;;;;;;;;;;;;;;;;;;;;;;;;;;;;
VILLETA BELLO HORIZONTE;DGN 3 10 33;CUNDINAMARCA;BOGOTµ;;;;;;;;;;;;;;;;;;;;;;;;;;;;;;;;;;;;;;;;;;;;;;;;;;;;;;;;;;;;;;;;;;;;;;;;;;;;;;;;;;;;;
SUPATA;CR 7 4 38 ;CUNDINAMARCA;BOGOTµ;;;;;;;;;;;;;;;;;;;;;;;;;;;;;;;;;;;;;;;;;;;;;;;;;;;;;;;;;;;;;;;;;;;;;;;;;;;;;;;;;;;;;
VILLETA LA LORENA;CALLE 8 # 12 - 15;CUNDINAMARCA;BOGOTµ;;;;;;;;;;;;;;;;;;;;;;;;;;;;;;;;;;;;;;;;;;;;;;;;;;;;;;;;;;;;;;;;;;;;;;;;;;;;;;;;;;;;;
VILLETA BUENOS AIRES;DG 8 # 1E - 166 LOTE # 1;CUNDINAMARCA;BOGOTµ;;;;;;;;;;;;;;;;;;;;;;;;;;;;;;;;;;;;;;;;;;;;;;;;;;;;;;;;;;;;;;;;;;;;;;;;;;;;;;;;;;;;;
JAVERIANA;CR 7 NO. 45 62;BOGOTµ;BOGOTµ;;;;;;;;;;;;;;;;;;;;;;;;;;;;;;;;;;;;;;;;;;;;;;;;;;;;;;;;;;;;;;;;;;;;;;;;;;;;;;;;;;;;;
PARDO RUBIO;CR 7 NO. 50 - 20;BOGOTµ;BOGOTµ;;;;;;;;;;;;;;;;;;;;;;;;;;;;;;;;;;;;;;;;;;;;;;;;;;;;;;;;;;;;;;;;;;;;;;;;;;;;;;;;;;;;;
TEUSAQUILLO EDITORIAL;CL 35 NO. 19 - 21;BOGOTµ;BOGOTµ;;;;;;;;;;;;;;;;;;;;;;;;;;;;;;;;;;;;;;;;;;;;;;;;;;;;;;;;;;;;;;;;;;;;;;;;;;;;;;;;;;;;;
ESTRELLA;CR 24 NO. 26 - 24 / 30;BOGOTµ;BOGOTµ;;;;;;;;;;;;;;;;;;;;;;;;;;;;;;;;;;;;;;;;;;;;;;;;;;;;;;;;;;;;;;;;;;;;;;;;;;;;;;;;;;;;;
SAGRADO CORAZON;CR 13 NO. 33 - 58;BOGOTµ;BOGOTµ;;;;;;;;;;;;;;;;;;;;;;;;;;;;;;;;;;;;;;;;;;;;;;;;;;;;;;;;;;;;;;;;;;;;;;;;;;;;;;;;;;;;;
SUCRE;CL 40 B # 8 - 78;BOGOTµ;BOGOTµ;;;;;;;;;;;;;;;;;;;;;;;;;;;;;;;;;;;;;;;;;;;;;;;;;;;;;;;;;;;;;;;;;;;;;;;;;;;;;;;;;;;;;
PARKWAY;AK 24 # 39 - 29;BOGOTµ;BOGOTµ;;;;;;;;;;;;;;;;;;;;;;;;;;;;;;;;;;;;;;;;;;;;;;;;;;;;;;;;;;;;;;;;;;;;;;;;;;;;;;;;;;;;;
ANDALUC÷A;CR 81 A # 15 A - 17;BOGOTµ;BOGOTµ;;;;;;;;;;;;;;;;;;;;;;;;;;;;;;;;;;;;;;;;;;;;;;;;;;;;;;;;;;;;;;;;;;;;;;;;;;;;;;;;;;;;;
VERGEL OCCIDENTAL;CALLE 12 # 81D - 03;BOGOTµ;BOGOTµ;;;;;;;;;;;;;;;;;;;;;;;;;;;;;;;;;;;;;;;;;;;;;;;;;;;;;;;;;;;;;;;;;;;;;;;;;;;;;;;;;;;;;
PASEO SEVILLA;CRA 86 B # 6D - 10;BOGOTµ;BOGOTµ;;;;;;;;;;;;;;;;;;;;;;;;;;;;;;;;;;;;;;;;;;;;;;;;;;;;;;;;;;;;;;;;;;;;;;;;;;;;;;;;;;;;;
PIO XII;TV 78 C 6 - 39;BOGOTµ;BOGOTµ;;;;;;;;;;;;;;;;;;;;;;;;;;;;;;;;;;;;;;;;;;;;;;;;;;;;;;;;;;;;;;;;;;;;;;;;;;;;;;;;;;;;;
CASTILLA;AV BOYACA NO. 7 F - 35 / 25;BOGOTµ;BOGOTµ;;;;;;;;;;;;;;;;;;;;;;;;;;;;;;;;;;;;;;;;;;;;;;;;;;;;;;;;;;;;;;;;;;;;;;;;;;;;;;;;;;;;;
VALLADOLID;CALLE 8 D NO. 82 B - 20;BOGOTµ;BOGOTµ;;;;;;;;;;;;;;;;;;;;;;;;;;;;;;;;;;;;;;;;;;;;;;;;;;;;;;;;;;;;;;;;;;;;;;;;;;;;;;;;;;;;;
PARQUE CASTILLA;CR 78 # 7 D - 33;BOGOTµ;BOGOTµ;;;;;;;;;;;;;;;;;;;;;;;;;;;;;;;;;;;;;;;;;;;;;;;;;;;;;;;;;;;;;;;;;;;;;;;;;;;;;;;;;;;;;
GALERIAS ;CL 51 NO. 26 16;BOGOTµ;BOGOTµ;;;;;;;;;;;;;;;;;;;;;;;;;;;;;;;;;;;;;;;;;;;;;;;;;;;;;;;;;;;;;;;;;;;;;;;;;;;;;;;;;;;;;
PALERMO;CL 45 NO. 20 - 34;BOGOTµ;BOGOTµ;;;;;;;;;;;;;;;;;;;;;;;;;;;;;;;;;;;;;;;;;;;;;;;;;;;;;;;;;;;;;;;;;;;;;;;;;;;;;;;;;;;;;
CODAZZI;CR 30 NO. 49 A - 64;BOGOTµ;BOGOTµ;;;;;;;;;;;;;;;;;;;;;;;;;;;;;;;;;;;;;;;;;;;;;;;;;;;;;;;;;;;;;;;;;;;;;;;;;;;;;;;;;;;;;
CAMPIN;CL 57 NO. 24 - 33;BOGOTµ;BOGOTµ;;;;;;;;;;;;;;;;;;;;;;;;;;;;;;;;;;;;;;;;;;;;;;;;;;;;;;;;;;;;;;;;;;;;;;;;;;;;;;;;;;;;;
ACEVEDO TEJADA;CL 26 A NO. 32 - 60;BOGOTµ;BOGOTµ;;;;;;;;;;;;;;;;;;;;;;;;;;;;;;;;;;;;;;;;;;;;;;;;;;;;;;;;;;;;;;;;;;;;;;;;;;;;;;;;;;;;;
EL RECUERDO;CARRERA 34 # 25 91;BOGOTµ;BOGOTµ;;;;;;;;;;;;;;;;;;;;;;;;;;;;;;;;;;;;;;;;;;;;;;;;;;;;;;;;;;;;;;;;;;;;;;;;;;;;;;;;;;;;;
C.C GALERIAS 53;CALLE 53 B # 25 - 21;BOGOTµ;BOGOTµ;;;;;;;;;;;;;;;;;;;;;;;;;;;;;;;;;;;;;;;;;;;;;;;;;;;;;;;;;;;;;;;;;;;;;;;;;;;;;;;;;;;;;
MONTEVIDEO;CARRERA 69B #19-40ˇ;BOGOTµ;BOGOTµ;;;;;;;;;;;;;;;;;;;;;;;;;;;;;;;;;;;;;;;;;;;;;;;;;;;;;;;;;;;;;;;;;;;;;;;;;;;;;;;;;;;;;
NORMANDIA;CL 53 NO. 70 91;BOGOTµ;BOGOTµ;;;;;;;;;;;;;;;;;;;;;;;;;;;;;;;;;;;;;;;;;;;;;;;;;;;;;;;;;;;;;;;;;;;;;;;;;;;;;;;;;;;;;
AV ROJAS;CR 70 B NO. 64 B - 24 LC 1 - 2 - 3;BOGOTµ;BOGOTµ;;;;;;;;;;;;;;;;;;;;;;;;;;;;;;;;;;;;;;;;;;;;;;;;;;;;;;;;;;;;;;;;;;;;;;;;;;;;;;;;;;;;;
LOS MONJES;CR 86 # 51 - 66 LC 11;BOGOTµ;BOGOTµ;;;;;;;;;;;;;;;;;;;;;;;;;;;;;;;;;;;;;;;;;;;;;;;;;;;;;;;;;;;;;;;;;;;;;;;;;;;;;;;;;;;;;
AV QUITO;AK 30 # 64 A - 41/ 49;BOGOTµ;BOGOTµ;;;;;;;;;;;;;;;;;;;;;;;;;;;;;;;;;;;;;;;;;;;;;;;;;;;;;;;;;;;;;;;;;;;;;;;;;;;;;;;;;;;;;
ARRECIFE;AC 26 # 69 D - 91;BOGOTµ;BOGOTµ;;;;;;;;;;;;;;;;;;;;;;;;;;;;;;;;;;;;;;;;;;;;;;;;;;;;;;;;;;;;;;;;;;;;;;;;;;;;;;;;;;;;;
NOTARIA;AC 53 NO. 73 A - 73 / 81;BOGOTµ;BOGOTµ;;;;;;;;;;;;;;;;;;;;;;;;;;;;;;;;;;;;;;;;;;;;;;;;;;;;;;;;;;;;;;;;;;;;;;;;;;;;;;;;;;;;;
SAN IGNACIO;DG 47 74B 80;BOGOTµ;BOGOTµ;;;;;;;;;;;;;;;;;;;;;;;;;;;;;;;;;;;;;;;;;;;;;;;;;;;;;;;;;;;;;;;;;;;;;;;;;;;;;;;;;;;;;
EL RUBY;CARRERA 96 G # 23 A - 08;BOGOTµ;BOGOTµ;;;;;;;;;;;;;;;;;;;;;;;;;;;;;;;;;;;;;;;;;;;;;;;;;;;;;;;;;;;;;;;;;;;;;;;;;;;;;;;;;;;;;
LA FELICIDAD;CR 78 NO. 17 - 57 LC 101;BOGOTµ;BOGOTµ;;;;;;;;;;;;;;;;;;;;;;;;;;;;;;;;;;;;;;;;;;;;;;;;;;;;;;;;;;;;;;;;;;;;;;;;;;;;;;;;;;;;;
AV LA ESPERANZA;AC 24 NO. 80 B - 43 / 49;BOGOTµ;BOGOTµ;;;;;;;;;;;;;;;;;;;;;;;;;;;;;;;;;;;;;;;;;;;;;;;;;;;;;;;;;;;;;;;;;;;;;;;;;;;;;;;;;;;;;
MODELIA;KR 75 NO. 24 D - 49;BOGOTµ;BOGOTµ;;;;;;;;;;;;;;;;;;;;;;;;;;;;;;;;;;;;;;;;;;;;;;;;;;;;;;;;;;;;;;;;;;;;;;;;;;;;;;;;;;;;;
HAYUELOS;CC HAYUELOS CL 20 # 82 - 52 LC 2 - 113 Y PARTE DEL L 2-01;BOGOTµ;BOGOTµ;;;;;;;;;;;;;;;;;;;;;;;;;;;;;;;;;;;;;;;;;;;;;;;;;;;;;;;;;;;;;;;;;;;;;;;;;;;;;;;;;;;;;
HAYUELOS OCCIDENTAL;CARRERA 90 # 17 B ? 39;BOGOTµ;BOGOTµ;;;;;;;;;;;;;;;;;;;;;;;;;;;;;;;;;;;;;;;;;;;;;;;;;;;;;;;;;;;;;;;;;;;;;;;;;;;;;;;;;;;;;
VILLA ALSACIA;CR 71 F NO. 12 - 81;BOGOTµ;BOGOTµ;;;;;;;;;;;;;;;;;;;;;;;;;;;;;;;;;;;;;;;;;;;;;;;;;;;;;;;;;;;;;;;;;;;;;;;;;;;;;;;;;;;;;
BOSQUES DE MODELIA;CALLE 25F #85B- 95;BOGOTµ;BOGOTµ;;;;;;;;;;;;;;;;;;;;;;;;;;;;;;;;;;;;;;;;;;;;;;;;;;;;;;;;;;;;;;;;;;;;;;;;;;;;;;;;;;;;;
FUNZA CELTA;CALLE 7 NO. 9-67;CUNDINAMARCA;BOGOTµ;;;;;;;;;;;;;;;;;;;;;;;;;;;;;;;;;;;;;;;;;;;;;;;;;;;;;;;;;;;;;;;;;;;;;;;;;;;;;;;;;;;;;
FUNZA CENTRO;CLL 10 NO. 14 - 40;CUNDINAMARCA;BOGOTµ;;;;;;;;;;;;;;;;;;;;;;;;;;;;;;;;;;;;;;;;;;;;;;;;;;;;;;;;;;;;;;;;;;;;;;;;;;;;;;;;;;;;;
FUNZA CR 12;CARRERA 12 NO. 16 - 53 LOTE 2;CUNDINAMARCA;BOGOTµ;;;;;;;;;;;;;;;;;;;;;;;;;;;;;;;;;;;;;;;;;;;;;;;;;;;;;;;;;;;;;;;;;;;;;;;;;;;;;;;;;;;;;
FUNZA HATO;CALLE 15 NO. 2 B -32;CUNDINAMARCA;BOGOTµ;;;;;;;;;;;;;;;;;;;;;;;;;;;;;;;;;;;;;;;;;;;;;;;;;;;;;;;;;;;;;;;;;;;;;;;;;;;;;;;;;;;;;
FUNZA GOLF;CALLE 15 NO 23 - 49;CUNDINAMARCA;BOGOTµ;;;;;;;;;;;;;;;;;;;;;;;;;;;;;;;;;;;;;;;;;;;;;;;;;;;;;;;;;;;;;;;;;;;;;;;;;;;;;;;;;;;;;
FUNZA LA CONCHA ACÈSTICA ;CALLE 13 NO. 15 - 35;CUNDINAMARCA;BOGOTµ;;;;;;;;;;;;;;;;;;;;;;;;;;;;;;;;;;;;;;;;;;;;;;;;;;;;;;;;;;;;;;;;;;;;;;;;;;;;;;;;;;;;;
FUNZA MEXICO;CALLE 19 NO 6 - 35;CUNDINAMARCA;BOGOTµ;;;;;;;;;;;;;;;;;;;;;;;;;;;;;;;;;;;;;;;;;;;;;;;;;;;;;;;;;;;;;;;;;;;;;;;;;;;;;;;;;;;;;
FUNZA SERREZUELITA;Cra 6 #13A-45;CUNDINAMARCA;BOGOTµ;;;;;;;;;;;;;;;;;;;;;;;;;;;;;;;;;;;;;;;;;;;;;;;;;;;;;;;;;;;;;;;;;;;;;;;;;;;;;;;;;;;;;
FUNZA MICENTRO;CARRERA 13 No. 16 - 85 LC L2-24;CUNDINAMARCA;BOGOTµ;;;;;;;;;;;;;;;;;;;;;;;;;;;;;;;;;;;;;;;;;;;;;;;;;;;;;;;;;;;;;;;;;;;;;;;;;;;;;;;;;;;;;
PRIMAVERA;AK 50 5 C 76;BOGOTµ;BOGOTµ;;;;;;;;;;;;;;;;;;;;;;;;;;;;;;;;;;;;;;;;;;;;;;;;;;;;;;;;;;;;;;;;;;;;;;;;;;;;;;;;;;;;;
GORGONZOLA;CR 41 A NO. 5 B - 55;BOGOTµ;BOGOTµ;;;;;;;;;;;;;;;;;;;;;;;;;;;;;;;;;;;;;;;;;;;;;;;;;;;;;;;;;;;;;;;;;;;;;;;;;;;;;;;;;;;;;
TIBANA ;AK 36 # 4 - 28;BOGOTµ;BOGOTµ;;;;;;;;;;;;;;;;;;;;;;;;;;;;;;;;;;;;;;;;;;;;;;;;;;;;;;;;;;;;;;;;;;;;;;;;;;;;;;;;;;;;;
SAN RAFAEL;CL 3 A # 50 -24;BOGOTµ;BOGOTµ;;;;;;;;;;;;;;;;;;;;;;;;;;;;;;;;;;;;;;;;;;;;;;;;;;;;;;;;;;;;;;;;;;;;;;;;;;;;;;;;;;;;;
SAN GABRIEL;CR 60 # 4 B - 50;BOGOTµ;BOGOTµ;;;;;;;;;;;;;;;;;;;;;;;;;;;;;;;;;;;;;;;;;;;;;;;;;;;;;;;;;;;;;;;;;;;;;;;;;;;;;;;;;;;;;
SAN RAFAEL INDUSTRIAL;CR 54 # 5 C - 33 LC 6, 7 Y 8;BOGOTµ;BOGOTµ;;;;;;;;;;;;;;;;;;;;;;;;;;;;;;;;;;;;;;;;;;;;;;;;;;;;;;;;;;;;;;;;;;;;;;;;;;;;;;;;;;;;;
TIBANA CR 38;AV CL 3 36 86;BOGOTµ;BOGOTµ;;;;;;;;;;;;;;;;;;;;;;;;;;;;;;;;;;;;;;;;;;;;;;;;;;;;;;;;;;;;;;;;;;;;;;;;;;;;;;;;;;;;;
GALAN;DG 2 # 64A - 68;BOGOTµ;BOGOTµ;;;;;;;;;;;;;;;;;;;;;;;;;;;;;;;;;;;;;;;;;;;;;;;;;;;;;;;;;;;;;;;;;;;;;;;;;;;;;;;;;;;;;
FONTIB‡N PLAZA;CR 102 NO. 19 - 75;BOGOTµ;BOGOTµ;;;;;;;;;;;;;;;;;;;;;;;;;;;;;;;;;;;;;;;;;;;;;;;;;;;;;;;;;;;;;;;;;;;;;;;;;;;;;;;;;;;;;
EL CARMEN;KR 100 16 I 21;BOGOTµ;BOGOTµ;;;;;;;;;;;;;;;;;;;;;;;;;;;;;;;;;;;;;;;;;;;;;;;;;;;;;;;;;;;;;;;;;;;;;;;;;;;;;;;;;;;;;
FONTIBON BOSTON;CALLE 18 # 104B-30;BOGOTµ;BOGOTµ;;;;;;;;;;;;;;;;;;;;;;;;;;;;;;;;;;;;;;;;;;;;;;;;;;;;;;;;;;;;;;;;;;;;;;;;;;;;;;;;;;;;;
PORTAL DE VILLEMAR;TV 96B # 20D - 04;BOGOTµ;BOGOTµ;;;;;;;;;;;;;;;;;;;;;;;;;;;;;;;;;;;;;;;;;;;;;;;;;;;;;;;;;;;;;;;;;;;;;;;;;;;;;;;;;;;;;
FONTIBON SAN JOSE;CR 100 NO. 23 G - 41;BOGOTµ;BOGOTµ;;;;;;;;;;;;;;;;;;;;;;;;;;;;;;;;;;;;;;;;;;;;;;;;;;;;;;;;;;;;;;;;;;;;;;;;;;;;;;;;;;;;;
FONTIBON SANTANDER;CL 22 K # 97 - 70;BOGOTµ;BOGOTµ;;;;;;;;;;;;;;;;;;;;;;;;;;;;;;;;;;;;;;;;;;;;;;;;;;;;;;;;;;;;;;;;;;;;;;;;;;;;;;;;;;;;;
FONTIB‡N SATURNO;CR 110 NO. 19 A - 21;BOGOTµ;BOGOTµ;;;;;;;;;;;;;;;;;;;;;;;;;;;;;;;;;;;;;;;;;;;;;;;;;;;;;;;;;;;;;;;;;;;;;;;;;;;;;;;;;;;;;
FONTIB‡N VERSALLES;CL 23 D NO. 110 - 08;BOGOTµ;BOGOTµ;;;;;;;;;;;;;;;;;;;;;;;;;;;;;;;;;;;;;;;;;;;;;;;;;;;;;;;;;;;;;;;;;;;;;;;;;;;;;;;;;;;;;
ATAHUALPA;CL 23 B # 116 A - 06;BOGOTµ;BOGOTµ;;;;;;;;;;;;;;;;;;;;;;;;;;;;;;;;;;;;;;;;;;;;;;;;;;;;;;;;;;;;;;;;;;;;;;;;;;;;;;;;;;;;;
FONTIBON VILLA CARMENZA;Calle 17 # 108-04;BOGOTµ;BOGOTµ;;;;;;;;;;;;;;;;;;;;;;;;;;;;;;;;;;;;;;;;;;;;;;;;;;;;;;;;;;;;;;;;;;;;;;;;;;;;;;;;;;;;;
LA GIRALDA;CL 22 H NO. 104 B 61;BOGOTµ;BOGOTµ;;;;;;;;;;;;;;;;;;;;;;;;;;;;;;;;;;;;;;;;;;;;;;;;;;;;;;;;;;;;;;;;;;;;;;;;;;;;;;;;;;;;;
BRISAS ALDEA;CR 123 A # 23 - 01;BOGOTµ;BOGOTµ;;;;;;;;;;;;;;;;;;;;;;;;;;;;;;;;;;;;;;;;;;;;;;;;;;;;;;;;;;;;;;;;;;;;;;;;;;;;;;;;;;;;;
FONTIBON EL RECODO;CR 123 #14 - 61;BOGOTµ;BOGOTµ;;;;;;;;;;;;;;;;;;;;;;;;;;;;;;;;;;;;;;;;;;;;;;;;;;;;;;;;;;;;;;;;;;;;;;;;;;;;;;;;;;;;;
SAN ANDRESITO;CR 23 NO. 10 - 11;BOGOTµ;BOGOTµ;;;;;;;;;;;;;;;;;;;;;;;;;;;;;;;;;;;;;;;;;;;;;;;;;;;;;;;;;;;;;;;;;;;;;;;;;;;;;;;;;;;;;
ESTACION SABANA;AC 13 # 16 - 40;BOGOTµ;BOGOTµ;;;;;;;;;;;;;;;;;;;;;;;;;;;;;;;;;;;;;;;;;;;;;;;;;;;;;;;;;;;;;;;;;;;;;;;;;;;;;;;;;;;;;
EJE AMBIENTAL;AC 13 # 3 - 89;BOGOTµ;BOGOTµ;;;;;;;;;;;;;;;;;;;;;;;;;;;;;;;;;;;;;;;;;;;;;;;;;;;;;;;;;;;;;;;;;;;;;;;;;;;;;;;;;;;;;
BOG CINEMATECA;CR 4 # 19 - 04 LC 103, 104, 105 Y 117 ED BARICHARA;BOGOTµ;BOGOTµ;;;;;;;;;;;;;;;;;;;;;;;;;;;;;;;;;;;;;;;;;;;;;;;;;;;;;;;;;;;;;;;;;;;;;;;;;;;;;;;;;;;;;
SANTA TERESITA;CL 9 # 29-41;BOGOTµ;BOGOTµ;;;;;;;;;;;;;;;;;;;;;;;;;;;;;;;;;;;;;;;;;;;;;;;;;;;;;;;;;;;;;;;;;;;;;;;;;;;;;;;;;;;;;
AVANTI CLUB HOUSE;CALLE 6 # 26 - 74 LOCAL 2;BOGOTµ;BOGOTµ;;;;;;;;;;;;;;;;;;;;;;;;;;;;;;;;;;;;;;;;;;;;;;;;;;;;;;;;;;;;;;;;;;;;;;;;;;;;;;;;;;;;;
PASAJE ROSARIO;CARRERA 8 #12 B-61;BOGOTµ;BOGOTµ;;;;;;;;;;;;;;;;;;;;;;;;;;;;;;;;;;;;;;;;;;;;;;;;;;;;;;;;;;;;;;;;;;;;;;;;;;;;;;;;;;;;;
FUNZA CEDI;KM 1.5 VIA CERRITO LA FLORIDA PQ EMPRESARIAL ZOL FUNZA BODEGA 26;CUNDINAMARCA;BOGOTµ;;;;;;;;;;;;;;;;;;;;;;;;;;;;;;;;;;;;;;;;;;;;;;;;;;;;;;;;;;;;;;;;;;;;;;;;;;;;;;;;;;;;;
CLIC 80;Calle 80 km 2 -V°a Siberia, Costado Sur (Bazar 80);CUNDINAMARCA;BOGOTµ;;;;;;;;;;;;;;;;;;;;;;;;;;;;;;;;;;;;;;;;;;;;;;;;;;;;;;;;;;;;;;;;;;;;;;;;;;;;;;;;;;;;;
EL ROSAL ;CL 10 NRO. 8-38;CUNDINAMARCA;BOGOTµ;;;;;;;;;;;;;;;;;;;;;;;;;;;;;;;;;;;;;;;;;;;;;;;;;;;;;;;;;;;;;;;;;;;;;;;;;;;;;;;;;;;;;
MADRID SERREZUELA;CALLE 7 NO 14 B - 17;CUNDINAMARCA;BOGOTµ;;;;;;;;;;;;;;;;;;;;;;;;;;;;;;;;;;;;;;;;;;;;;;;;;;;;;;;;;;;;;;;;;;;;;;;;;;;;;;;;;;;;;
MADRID CENTRO;CARRERA 6 9 - 10;CUNDINAMARCA;BOGOTµ;;;;;;;;;;;;;;;;;;;;;;;;;;;;;;;;;;;;;;;;;;;;;;;;;;;;;;;;;;;;;;;;;;;;;;;;;;;;;;;;;;;;;
FACA EL PORTICO;CALLE 12 # 5-75/79;CUNDINAMARCA;BOGOTµ;;;;;;;;;;;;;;;;;;;;;;;;;;;;;;;;;;;;;;;;;;;;;;;;;;;;;;;;;;;;;;;;;;;;;;;;;;;;;;;;;;;;;
FACA BERLIN;DG 11 # 14B - 86;CUNDINAMARCA;BOGOTµ;;;;;;;;;;;;;;;;;;;;;;;;;;;;;;;;;;;;;;;;;;;;;;;;;;;;;;;;;;;;;;;;;;;;;;;;;;;;;;;;;;;;;
SUBACHOQUE;CRA 2 4 -43/35;CUNDINAMARCA;BOGOTµ;;;;;;;;;;;;;;;;;;;;;;;;;;;;;;;;;;;;;;;;;;;;;;;;;;;;;;;;;;;;;;;;;;;;;;;;;;;;;;;;;;;;;
MADRID LA PROSPERIDAD;CARRERA 22 NO. 2 - 10;CUNDINAMARCA;BOGOTµ;;;;;;;;;;;;;;;;;;;;;;;;;;;;;;;;;;;;;;;;;;;;;;;;;;;;;;;;;;;;;;;;;;;;;;;;;;;;;;;;;;;;;
MADRID CASABLANCA;CALLE 7 NO. 1 - 276;CUNDINAMARCA;BOGOTµ;;;;;;;;;;;;;;;;;;;;;;;;;;;;;;;;;;;;;;;;;;;;;;;;;;;;;;;;;;;;;;;;;;;;;;;;;;;;;;;;;;;;;
ZIPACON ;K 4 4 39 51;CUNDINAMARCA;BOGOTµ;;;;;;;;;;;;;;;;;;;;;;;;;;;;;;;;;;;;;;;;;;;;;;;;;;;;;;;;;;;;;;;;;;;;;;;;;;;;;;;;;;;;;
CUN CARTAGENITA;FINCA LA POLA;CUNDINAMARCA;BOGOTµ;;;;;;;;;;;;;;;;;;;;;;;;;;;;;;;;;;;;;;;;;;;;;;;;;;;;;;;;;;;;;;;;;;;;;;;;;;;;;;;;;;;;;
BOJACA;CALLE 7 NO. 7-108/110;CUNDINAMARCA;BOGOTµ;;;;;;;;;;;;;;;;;;;;;;;;;;;;;;;;;;;;;;;;;;;;;;;;;;;;;;;;;;;;;;;;;;;;;;;;;;;;;;;;;;;;;
FACA SEMINARIO;CALLE 4 NO. 6 - 72/74;CUNDINAMARCA;BOGOTµ;;;;;;;;;;;;;;;;;;;;;;;;;;;;;;;;;;;;;;;;;;;;;;;;;;;;;;;;;;;;;;;;;;;;;;;;;;;;;;;;;;;;;
CACHIPAY CUNDINAMARCA;CARRERA 3 # 3-94;CUNDINAMARCA;BOGOTµ;;;;;;;;;;;;;;;;;;;;;;;;;;;;;;;;;;;;;;;;;;;;;;;;;;;;;;;;;;;;;;;;;;;;;;;;;;;;;;;;;;;;;
ANOLAIMA;CALLE 1 A # 5-53 ? CARRERA 5 # 1-35/39/41/43/45;CUNDINAMARCA;BOGOTµ;;;;;;;;;;;;;;;;;;;;;;;;;;;;;;;;;;;;;;;;;;;;;;;;;;;;;;;;;;;;;;;;;;;;;;;;;;;;;;;;;;;;;
FACATATIVA TISQUESUSA;CARRERA 2 NO. 16-51;CUNDINAMARCA;BOGOTµ;;;;;;;;;;;;;;;;;;;;;;;;;;;;;;;;;;;;;;;;;;;;;;;;;;;;;;;;;;;;;;;;;;;;;;;;;;;;;;;;;;;;;
FACATATIVA LA ESMERALDA;CR 10 12 73;CUNDINAMARCA;BOGOTµ;;;;;;;;;;;;;;;;;;;;;;;;;;;;;;;;;;;;;;;;;;;;;;;;;;;;;;;;;;;;;;;;;;;;;;;;;;;;;;;;;;;;;
CUN FACATATIVA CENTRO;CL 3 3 44;CUNDINAMARCA;BOGOTµ;;;;;;;;;;;;;;;;;;;;;;;;;;;;;;;;;;;;;;;;;;;;;;;;;;;;;;;;;;;;;;;;;;;;;;;;;;;;;;;;;;;;;
SAN JUAN DE RIOSECO;K 7 3 31 35 41;CUNDINAMARCA;BOGOTµ;;;;;;;;;;;;;;;;;;;;;;;;;;;;;;;;;;;;;;;;;;;;;;;;;;;;;;;;;;;;;;;;;;;;;;;;;;;;;;;;;;;;;
CUN VIANI;CALLE 3 NRO. 5-35;CUNDINAMARCA;BOGOTµ;;;;;;;;;;;;;;;;;;;;;;;;;;;;;;;;;;;;;;;;;;;;;;;;;;;;;;;;;;;;;;;;;;;;;;;;;;;;;;;;;;;;;
FACA SANTA RITA;CARRERA 2 Nß 8 - 74;CUNDINAMARCA;BOGOTµ;;;;;;;;;;;;;;;;;;;;;;;;;;;;;;;;;;;;;;;;;;;;;;;;;;;;;;;;;;;;;;;;;;;;;;;;;;;;;;;;;;;;;
FACA CEREZOS;CARRERA 10 - CALLE 15;CUNDINAMARCA;BOGOTµ;;;;;;;;;;;;;;;;;;;;;;;;;;;;;;;;;;;;;;;;;;;;;;;;;;;;;;;;;;;;;;;;;;;;;;;;;;;;;;;;;;;;;
SAMPER MENDOZA;CR 25 NO. 22C-81;BOGOTµ;BOGOTµ;;;;;;;;;;;;;;;;;;;;;;;;;;;;;;;;;;;;;;;;;;;;;;;;;;;;;;;;;;;;;;;;;;;;;;;;;;;;;;;;;;;;;
CENTRO NIEVES;CR 8 NO. 21 - 39;BOGOTµ;BOGOTµ;;;;;;;;;;;;;;;;;;;;;;;;;;;;;;;;;;;;;;;;;;;;;;;;;;;;;;;;;;;;;;;;;;;;;;;;;;;;;;;;;;;;;
CAPUCHINA;CL 17 NO. 12 - 68;BOGOTµ;BOGOTµ;;;;;;;;;;;;;;;;;;;;;;;;;;;;;;;;;;;;;;;;;;;;;;;;;;;;;;;;;;;;;;;;;;;;;;;;;;;;;;;;;;;;;
PALOQUEMAO;AC 22 NO. 25 - 14;BOGOTµ;BOGOTµ;;;;;;;;;;;;;;;;;;;;;;;;;;;;;;;;;;;;;;;;;;;;;;;;;;;;;;;;;;;;;;;;;;;;;;;;;;;;;;;;;;;;;
ALAMEDA;CR 13 # 23 - 56;BOGOTµ;BOGOTµ;;;;;;;;;;;;;;;;;;;;;;;;;;;;;;;;;;;;;;;;;;;;;;;;;;;;;;;;;;;;;;;;;;;;;;;;;;;;;;;;;;;;;
BOG CUNDINAMARCA;CL 19 B # 33 - 44;BOGOTµ;BOGOTµ;;;;;;;;;;;;;;;;;;;;;;;;;;;;;;;;;;;;;;;;;;;;;;;;;;;;;;;;;;;;;;;;;;;;;;;;;;;;;;;;;;;;;
MARIA REINA;CL 22 # 18B - 62;BOGOTµ;BOGOTµ;;;;;;;;;;;;;;;;;;;;;;;;;;;;;;;;;;;;;;;;;;;;;;;;;;;;;;;;;;;;;;;;;;;;;;;;;;;;;;;;;;;;;
CALLE 19;AC Calle 19 # 22-25;BOGOTµ;BOGOTµ;;;;;;;;;;;;;;;;;;;;;;;;;;;;;;;;;;;;;;;;;;;;;;;;;;;;;;;;;;;;;;;;;;;;;;;;;;;;;;;;;;;;;
LINZ;AC 17 No. 72-75?;BOGOTµ;BOGOTµ;;;;;;;;;;;;;;;;;;;;;;;;;;;;;;;;;;;;;;;;;;;;;;;;;;;;;;;;;;;;;;;;;;;;;;;;;;;;;;;;;;;;;
CC EL CID;"URB ZARG KM 13750 VIA BTA
FONT VTE MADRID";CUNDINAMARCA;BOGOTµ;;;;;;;;;;;;;;;;;;;;;;;;;;;;;;;;;;;;;;;;;;;;;;;;;;;;;;;;;;;;;;;;;;;;;;;;;;;;;;;;;;;;;
FEDERMAN KR 50;KR 50 # 59-18 LC1;BOGOTµ;BOGOTµ;;;;;;;;;;;;;;;;;;;;;;;;;;;;;;;;;;;;;;;;;;;;;;;;;;;;;;;;;;;;;;;;;;;;;;;;;;;;;;;;;;;;;
