TIENDA;DIRECCION CAMARA Y COMERCIO;CIUDAD/MUNICIPIO;DEPARTAMENTO;;;;;;;;;;;;;;;;;;;;;;;;;;;;;;;;;;;;;;;;;;;;;;;;;;;;;;;;;;;;;;;;;;;;;;;;;;;;;;;;;;;;;
GIRARDOT GAITAN;CR 14 20 37;GIRARDOT;CUNDINAMARCA;;;;;;;;;;;;;;;;;;;;;;;;;;;;;;;;;;;;;;;;;;;;;;;;;;;;;;;;;;;;;;;;;;;;;;;;;;;;;;;;;;;;;
GIRARDOT GRANADA;CR 10 N 20-46 48;GIRARDOT;CUNDINAMARCA;;;;;;;;;;;;;;;;;;;;;;;;;;;;;;;;;;;;;;;;;;;;;;;;;;;;;;;;;;;;;;;;;;;;;;;;;;;;;;;;;;;;;
GIRARDOT EL PE¥ON;TV 9 NRO. 40-81 LOC 1;GIRARDOT;CUNDINAMARCA;;;;;;;;;;;;;;;;;;;;;;;;;;;;;;;;;;;;;;;;;;;;;;;;;;;;;;;;;;;;;;;;;;;;;;;;;;;;;;;;;;;;;
GIRARDOT CAMELLON;CL 16 NO 8-45  BRR CENTRO;GIRARDOT;CUNDINAMARCA;;;;;;;;;;;;;;;;;;;;;;;;;;;;;;;;;;;;;;;;;;;;;;;;;;;;;;;;;;;;;;;;;;;;;;;;;;;;;;;;;;;;;
ESPINAL LA TAMBORA;CR 4 N 20-21;ESPINAL;TOLIMA;;;;;;;;;;;;;;;;;;;;;;;;;;;;;;;;;;;;;;;;;;;;;;;;;;;;;;;;;;;;;;;;;;;;;;;;;;;;;;;;;;;;;
MELGAR CENTRO;CL 6 NO. 22-30;MELGAR;TOLIMA;;;;;;;;;;;;;;;;;;;;;;;;;;;;;;;;;;;;;;;;;;;;;;;;;;;;;;;;;;;;;;;;;;;;;;;;;;;;;;;;;;;;;
ESPINAL CENTRO;CR 6 N 6-23;ESPINAL;TOLIMA;;;;;;;;;;;;;;;;;;;;;;;;;;;;;;;;;;;;;;;;;;;;;;;;;;;;;;;;;;;;;;;;;;;;;;;;;;;;;;;;;;;;;
RICAURTE PE¥ALISA;CL 10 NRO. 12-88 94 98 124;RICAURTE;CUNDINAMARCA;;;;;;;;;;;;;;;;;;;;;;;;;;;;;;;;;;;;;;;;;;;;;;;;;;;;;;;;;;;;;;;;;;;;;;;;;;;;;;;;;;;;;
IBAGUE LA FLORIDA;CR 5 S 83 40 L 1 LA FLORIDA ET 3;IBAGUE;TOLIMA;;;;;;;;;;;;;;;;;;;;;;;;;;;;;;;;;;;;;;;;;;;;;;;;;;;;;;;;;;;;;;;;;;;;;;;;;;;;;;;;;;;;;
IBAGUE LA GAVIOTA;CR 20 N 97-129;IBAGUE;TOLIMA;;;;;;;;;;;;;;;;;;;;;;;;;;;;;;;;;;;;;;;;;;;;;;;;;;;;;;;;;;;;;;;;;;;;;;;;;;;;;;;;;;;;;
IBAGUE CRA 5;CR 5 N 17-26 28 32;IBAGUE;TOLIMA;;;;;;;;;;;;;;;;;;;;;;;;;;;;;;;;;;;;;;;;;;;;;;;;;;;;;;;;;;;;;;;;;;;;;;;;;;;;;;;;;;;;;
IBAGUE SANTA ANA;SUPER MZ 4 BODEGA 7;IBAGUE;TOLIMA;;;;;;;;;;;;;;;;;;;;;;;;;;;;;;;;;;;;;;;;;;;;;;;;;;;;;;;;;;;;;;;;;;;;;;;;;;;;;;;;;;;;;
IBAGUE GODOY;CR 2 N 15 - 66;IBAGUE;TOLIMA;;;;;;;;;;;;;;;;;;;;;;;;;;;;;;;;;;;;;;;;;;;;;;;;;;;;;;;;;;;;;;;;;;;;;;;;;;;;;;;;;;;;;
CAJAMARCA;CR 9 N 7-57;CAJAMARCA;TOLIMA;;;;;;;;;;;;;;;;;;;;;;;;;;;;;;;;;;;;;;;;;;;;;;;;;;;;;;;;;;;;;;;;;;;;;;;;;;;;;;;;;;;;;
IBAGUE FILADELFIA;CR 20 SUR N 107A-20;IBAGUE;TOLIMA;;;;;;;;;;;;;;;;;;;;;;;;;;;;;;;;;;;;;;;;;;;;;;;;;;;;;;;;;;;;;;;;;;;;;;;;;;;;;;;;;;;;;
IBAGUE CALLE 42;CL 42 N 4C-25;IBAGUE;TOLIMA;;;;;;;;;;;;;;;;;;;;;;;;;;;;;;;;;;;;;;;;;;;;;;;;;;;;;;;;;;;;;;;;;;;;;;;;;;;;;;;;;;;;;
IBAGUE FRONTERA;CR 11 B N 77 - 10;IBAGUE;TOLIMA;;;;;;;;;;;;;;;;;;;;;;;;;;;;;;;;;;;;;;;;;;;;;;;;;;;;;;;;;;;;;;;;;;;;;;;;;;;;;;;;;;;;;
IBAGUE EL SALADO;CR 9 N 143-35;IBAGUE;TOLIMA;;;;;;;;;;;;;;;;;;;;;;;;;;;;;;;;;;;;;;;;;;;;;;;;;;;;;;;;;;;;;;;;;;;;;;;;;;;;;;;;;;;;;
IBAGUE EL JARDIN;CR 5 79C 89;IBAGUE;TOLIMA;;;;;;;;;;;;;;;;;;;;;;;;;;;;;;;;;;;;;;;;;;;;;;;;;;;;;;;;;;;;;;;;;;;;;;;;;;;;;;;;;;;;;
IBAGUE M30;CR 6 N 29-4046;IBAGUE;TOLIMA;;;;;;;;;;;;;;;;;;;;;;;;;;;;;;;;;;;;;;;;;;;;;;;;;;;;;;;;;;;;;;;;;;;;;;;;;;;;;;;;;;;;;
GUAMO;CR 6 N 7 - 12;GUAMO;TOLIMA;;;;;;;;;;;;;;;;;;;;;;;;;;;;;;;;;;;;;;;;;;;;;;;;;;;;;;;;;;;;;;;;;;;;;;;;;;;;;;;;;;;;;
IBAGUE DISTRITO 60;CR 7 60-21;IBAGUE;TOLIMA;;;;;;;;;;;;;;;;;;;;;;;;;;;;;;;;;;;;;;;;;;;;;;;;;;;;;;;;;;;;;;;;;;;;;;;;;;;;;;;;;;;;;
IBAGUE AMBALA ALTA;CL 64 N 22-03 05;IBAGUE;TOLIMA;;;;;;;;;;;;;;;;;;;;;;;;;;;;;;;;;;;;;;;;;;;;;;;;;;;;;;;;;;;;;;;;;;;;;;;;;;;;;;;;;;;;;
NEIVA LAS PALMAS;CR 52 N 22 - 62 B;NEIVA;HUILA;;;;;;;;;;;;;;;;;;;;;;;;;;;;;;;;;;;;;;;;;;;;;;;;;;;;;;;;;;;;;;;;;;;;;;;;;;;;;;;;;;;;;
NEIVA BELLAVISTA;CL 21 SUR N 31 - 34 B;NEIVA;HUILA;;;;;;;;;;;;;;;;;;;;;;;;;;;;;;;;;;;;;;;;;;;;;;;;;;;;;;;;;;;;;;;;;;;;;;;;;;;;;;;;;;;;;
CHAPARRAL CENTRO;CR 9 N 7 - 62;CHAPARRAL;TOLIMA;;;;;;;;;;;;;;;;;;;;;;;;;;;;;;;;;;;;;;;;;;;;;;;;;;;;;;;;;;;;;;;;;;;;;;;;;;;;;;;;;;;;;
IBAGUE PIEDRAPINTADA;CR 6 N 47 ESQ LT 14 MZ A8 URB PIEDRA PINTADA;IBAGUE;TOLIMA;;;;;;;;;;;;;;;;;;;;;;;;;;;;;;;;;;;;;;;;;;;;;;;;;;;;;;;;;;;;;;;;;;;;;;;;;;;;;;;;;;;;;
NEIVA BUGANVILES;CL 19 N 42 - 40B B ;NEIVA;HUILA;;;;;;;;;;;;;;;;;;;;;;;;;;;;;;;;;;;;;;;;;;;;;;;;;;;;;;;;;;;;;;;;;;;;;;;;;;;;;;;;;;;;;
NEIVA CALIXTO;CL 8 NO. 17 - 40;NEIVA;HUILA;;;;;;;;;;;;;;;;;;;;;;;;;;;;;;;;;;;;;;;;;;;;;;;;;;;;;;;;;;;;;;;;;;;;;;;;;;;;;;;;;;;;;
NEIVA LAS BRISAS;CL 8 N 30A - 107;NEIVA;HUILA;;;;;;;;;;;;;;;;;;;;;;;;;;;;;;;;;;;;;;;;;;;;;;;;;;;;;;;;;;;;;;;;;;;;;;;;;;;;;;;;;;;;;
IBAGUE VARSOVIA;CL 69 N 6-45 SUR LOCALES 1-2-3-4;IBAGUE;TOLIMA;;;;;;;;;;;;;;;;;;;;;;;;;;;;;;;;;;;;;;;;;;;;;;;;;;;;;;;;;;;;;;;;;;;;;;;;;;;;;;;;;;;;;
ARMERO GUAYABAL;CR 7 N 5-30 34 38;ARMERO;TOLIMA;;;;;;;;;;;;;;;;;;;;;;;;;;;;;;;;;;;;;;;;;;;;;;;;;;;;;;;;;;;;;;;;;;;;;;;;;;;;;;;;;;;;;
CHICORAL;CL 6 N 6-23 27;ESPINAL;TOLIMA;;;;;;;;;;;;;;;;;;;;;;;;;;;;;;;;;;;;;;;;;;;;;;;;;;;;;;;;;;;;;;;;;;;;;;;;;;;;;;;;;;;;;
ATACO;CL 8 NRO. 6-44/46;ATACO;TOLIMA;;;;;;;;;;;;;;;;;;;;;;;;;;;;;;;;;;;;;;;;;;;;;;;;;;;;;;;;;;;;;;;;;;;;;;;;;;;;;;;;;;;;;
AMBALEMA;CL 8 4-11 01 BRR CENTRO;AMBALEMA;TOLIMA;;;;;;;;;;;;;;;;;;;;;;;;;;;;;;;;;;;;;;;;;;;;;;;;;;;;;;;;;;;;;;;;;;;;;;;;;;;;;;;;;;;;;
PITALITO CENTRO;CL 4 N 4-38 ;PITALITO;HUILA;;;;;;;;;;;;;;;;;;;;;;;;;;;;;;;;;;;;;;;;;;;;;;;;;;;;;;;;;;;;;;;;;;;;;;;;;;;;;;;;;;;;;
GIGANTE;CL 4 N 6-50 6 -56;GIGANTE;HUILA;;;;;;;;;;;;;;;;;;;;;;;;;;;;;;;;;;;;;;;;;;;;;;;;;;;;;;;;;;;;;;;;;;;;;;;;;;;;;;;;;;;;;
CARMEN D APICALA;CL 5 N 5-15-17;CARMEN DE APICALA;TOLIMA;;;;;;;;;;;;;;;;;;;;;;;;;;;;;;;;;;;;;;;;;;;;;;;;;;;;;;;;;;;;;;;;;;;;;;;;;;;;;;;;;;;;;
COYAIMA;CL  5 A # 5 - 25;COYAIMA;TOLIMA;;;;;;;;;;;;;;;;;;;;;;;;;;;;;;;;;;;;;;;;;;;;;;;;;;;;;;;;;;;;;;;;;;;;;;;;;;;;;;;;;;;;;
NEIVA 6W;CR 6 W 28 A - 01;NEIVA;HUILA;;;;;;;;;;;;;;;;;;;;;;;;;;;;;;;;;;;;;;;;;;;;;;;;;;;;;;;;;;;;;;;;;;;;;;;;;;;;;;;;;;;;;
FLORENCIA GALERIA;CR 13 17 09 CL 17 13 06;FLORENCIA;CAQUETA;;;;;;;;;;;;;;;;;;;;;;;;;;;;;;;;;;;;;;;;;;;;;;;;;;;;;;;;;;;;;;;;;;;;;;;;;;;;;;;;;;;;;
PITALITO PALESTINA;CL 22 A SUR # 1 - 46 MZ F LOTE 1;PITALITO;HUILA;;;;;;;;;;;;;;;;;;;;;;;;;;;;;;;;;;;;;;;;;;;;;;;;;;;;;;;;;;;;;;;;;;;;;;;;;;;;;;;;;;;;;
TOL HONDA;CL 13 N 13 - 23 25;HONDA;TOLIMA;;;;;;;;;;;;;;;;;;;;;;;;;;;;;;;;;;;;;;;;;;;;;;;;;;;;;;;;;;;;;;;;;;;;;;;;;;;;;;;;;;;;;
TOL MARIQUITA;CR 3 A 6 - 38;MARIQUITA;TOLIMA;;;;;;;;;;;;;;;;;;;;;;;;;;;;;;;;;;;;;;;;;;;;;;;;;;;;;;;;;;;;;;;;;;;;;;;;;;;;;;;;;;;;;
TOL FRESNO;CL 4 CRS 5-6 NO. 5-11 17;FRESNO;TOLIMA;;;;;;;;;;;;;;;;;;;;;;;;;;;;;;;;;;;;;;;;;;;;;;;;;;;;;;;;;;;;;;;;;;;;;;;;;;;;;;;;;;;;;
HONDA CENTENARIO;CL 9 N 20 - 160;HONDA;TOLIMA;;;;;;;;;;;;;;;;;;;;;;;;;;;;;;;;;;;;;;;;;;;;;;;;;;;;;;;;;;;;;;;;;;;;;;;;;;;;;;;;;;;;;
TOL LIBANO;CL 5 10-18 A 10-28 CR 10 Y 11;LIBANO;TOLIMA;;;;;;;;;;;;;;;;;;;;;;;;;;;;;;;;;;;;;;;;;;;;;;;;;;;;;;;;;;;;;;;;;;;;;;;;;;;;;;;;;;;;;
IBAGUE ANCON;CL 17 N 10 - 40;IBAGUE;TOLIMA;;;;;;;;;;;;;;;;;;;;;;;;;;;;;;;;;;;;;;;;;;;;;;;;;;;;;;;;;;;;;;;;;;;;;;;;;;;;;;;;;;;;;
IBAGUE LA POLA;CR 3 CL 6 N 6-08 - 2-82;IBAGUE;TOLIMA;;;;;;;;;;;;;;;;;;;;;;;;;;;;;;;;;;;;;;;;;;;;;;;;;;;;;;;;;;;;;;;;;;;;;;;;;;;;;;;;;;;;;
FLORENCIA CIUDADELA;CR 29 A 22 - 39 LOTE E;FLORENCIA;CAQUETA;;;;;;;;;;;;;;;;;;;;;;;;;;;;;;;;;;;;;;;;;;;;;;;;;;;;;;;;;;;;;;;;;;;;;;;;;;;;;;;;;;;;;
HUILA RIVERA;CL 5 NO. 6-27;RIVERA;HUILA;;;;;;;;;;;;;;;;;;;;;;;;;;;;;;;;;;;;;;;;;;;;;;;;;;;;;;;;;;;;;;;;;;;;;;;;;;;;;;;;;;;;;
HUILA TIMANA;CR 4 6-39-41;TIMANA;HUILA;;;;;;;;;;;;;;;;;;;;;;;;;;;;;;;;;;;;;;;;;;;;;;;;;;;;;;;;;;;;;;;;;;;;;;;;;;;;;;;;;;;;;
TOL LERIDA CENTRO;CL 8 6-35 BARRIO EL CENTRO;LERIDA;TOLIMA;;;;;;;;;;;;;;;;;;;;;;;;;;;;;;;;;;;;;;;;;;;;;;;;;;;;;;;;;;;;;;;;;;;;;;;;;;;;;;;;;;;;;
HORMIGA PUTUMAYO;CL 7 8 - 75;VALLE DEL GUAMUEZ;PUTUMAYO;;;;;;;;;;;;;;;;;;;;;;;;;;;;;;;;;;;;;;;;;;;;;;;;;;;;;;;;;;;;;;;;;;;;;;;;;;;;;;;;;;;;;
FLORENCIA PALO A;CL 9 2 ESTE 29;FLORENCIA;CAQUETA;;;;;;;;;;;;;;;;;;;;;;;;;;;;;;;;;;;;;;;;;;;;;;;;;;;;;;;;;;;;;;;;;;;;;;;;;;;;;;;;;;;;;
MOCOA CENTRO;CL 8 NO 6-19;MOCOA;PUTUMAYO;;;;;;;;;;;;;;;;;;;;;;;;;;;;;;;;;;;;;;;;;;;;;;;;;;;;;;;;;;;;;;;;;;;;;;;;;;;;;;;;;;;;;
NEIVA CALLE 2;CL 2 N 9 - 19 B;NEIVA;HUILA;;;;;;;;;;;;;;;;;;;;;;;;;;;;;;;;;;;;;;;;;;;;;;;;;;;;;;;;;;;;;;;;;;;;;;;;;;;;;;;;;;;;;
TOLIMA NATAGAIMA;CR 3A NO 4 - 76;NATAGAIMA;TOLIMA;;;;;;;;;;;;;;;;;;;;;;;;;;;;;;;;;;;;;;;;;;;;;;;;;;;;;;;;;;;;;;;;;;;;;;;;;;;;;;;;;;;;;
MELGAR VERSALLES;CR 16 # 7-60;MELGAR;TOLIMA;;;;;;;;;;;;;;;;;;;;;;;;;;;;;;;;;;;;;;;;;;;;;;;;;;;;;;;;;;;;;;;;;;;;;;;;;;;;;;;;;;;;;
CAQ PUERTO RICO;CL 5 Nø11-49-53-55;PUERTO RICO;CAQUETA;;;;;;;;;;;;;;;;;;;;;;;;;;;;;;;;;;;;;;;;;;;;;;;;;;;;;;;;;;;;;;;;;;;;;;;;;;;;;;;;;;;;;
CAQ EL PAUJIL;CR 5 # 7 - 01;EL PAUJIL;CAQUETA;;;;;;;;;;;;;;;;;;;;;;;;;;;;;;;;;;;;;;;;;;;;;;;;;;;;;;;;;;;;;;;;;;;;;;;;;;;;;;;;;;;;;
IBAGUE SAN PEDRO;CR 2 # 26 - 39;IBAGUE;TOLIMA;;;;;;;;;;;;;;;;;;;;;;;;;;;;;;;;;;;;;;;;;;;;;;;;;;;;;;;;;;;;;;;;;;;;;;;;;;;;;;;;;;;;;
NEIVA GALINDO;CL 77B # 5-43;NEIVA;HUILA;;;;;;;;;;;;;;;;;;;;;;;;;;;;;;;;;;;;;;;;;;;;;;;;;;;;;;;;;;;;;;;;;;;;;;;;;;;;;;;;;;;;;
IBAGUE POBLADO;CR 20ÿ SUR # 96-98;IBAGUE;TOLIMA;;;;;;;;;;;;;;;;;;;;;;;;;;;;;;;;;;;;;;;;;;;;;;;;;;;;;;;;;;;;;;;;;;;;;;;;;;;;;;;;;;;;;
NEIVA IPANEMA;CL 8 # 46 - 171;NEIVA;HUILA;;;;;;;;;;;;;;;;;;;;;;;;;;;;;;;;;;;;;;;;;;;;;;;;;;;;;;;;;;;;;;;;;;;;;;;;;;;;;;;;;;;;;
HUILA LA PLATA;CL 5 # 5 - 46;NEIVA;HUILA;;;;;;;;;;;;;;;;;;;;;;;;;;;;;;;;;;;;;;;;;;;;;;;;;;;;;;;;;;;;;;;;;;;;;;;;;;;;;;;;;;;;;
NEIVA CANDIDO;CL 45 # 1 - 09;NEIVA;HUILA;;;;;;;;;;;;;;;;;;;;;;;;;;;;;;;;;;;;;;;;;;;;;;;;;;;;;;;;;;;;;;;;;;;;;;;;;;;;;;;;;;;;;
CAQ COLONOS;CR 11 NO. 3-C-50 ;FLORENCIA;CAQUETA;;;;;;;;;;;;;;;;;;;;;;;;;;;;;;;;;;;;;;;;;;;;;;;;;;;;;;;;;;;;;;;;;;;;;;;;;;;;;;;;;;;;;
MOCOA AV COLOMBIA ;CR 9 # 17B 30;MOCOA;PUTUMAYO;;;;;;;;;;;;;;;;;;;;;;;;;;;;;;;;;;;;;;;;;;;;;;;;;;;;;;;;;;;;;;;;;;;;;;;;;;;;;;;;;;;;;
HUILA PALERMO;CL 9 Nø 8-68 CR 9-24-32 BARRIO CENTRO;PALERMO;HUILA;;;;;;;;;;;;;;;;;;;;;;;;;;;;;;;;;;;;;;;;;;;;;;;;;;;;;;;;;;;;;;;;;;;;;;;;;;;;;;;;;;;;;
PUERTO ASIS CENTRO;CL 10 NO. 18-07;PUERTO ASIS;PUTUMAYO;;;;;;;;;;;;;;;;;;;;;;;;;;;;;;;;;;;;;;;;;;;;;;;;;;;;;;;;;;;;;;;;;;;;;;;;;;;;;;;;;;;;;
TOLIMA FLANDES ;CR 4 #10-139 A 10-1;FLANDES;TOLIMA;;;;;;;;;;;;;;;;;;;;;;;;;;;;;;;;;;;;;;;;;;;;;;;;;;;;;;;;;;;;;;;;;;;;;;;;;;;;;;;;;;;;;
TOLIMA SALDA¥A;CR 19 16 64 82 94 - CR 18 16 63 73 81;SALDA¥A;TOLIMA;;;;;;;;;;;;;;;;;;;;;;;;;;;;;;;;;;;;;;;;;;;;;;;;;;;;;;;;;;;;;;;;;;;;;;;;;;;;;;;;;;;;;
MINITIENDA IBAGUE;KM 11 VIA IBAGUE - ESPINAL PARQUE EMPRESARIAL STRATEGIK;IBAGUE;TOLIMA;;;;;;;;;;;;;;;;;;;;;;;;;;;;;;;;;;;;;;;;;;;;;;;;;;;;;;;;;;;;;;;;;;;;;;;;;;;;;;;;;;;;;
HUILA TESALIA ;CL 6A # 9 - 67;TESALIA;HUILA;;;;;;;;;;;;;;;;;;;;;;;;;;;;;;;;;;;;;;;;;;;;;;;;;;;;;;;;;;;;;;;;;;;;;;;;;;;;;;;;;;;;;
DONCELLO;CR 4 # 4 - 36;DONCELLO;CAQUETA;;;;;;;;;;;;;;;;;;;;;;;;;;;;;;;;;;;;;;;;;;;;;;;;;;;;;;;;;;;;;;;;;;;;;;;;;;;;;;;;;;;;;
NEIVA TIMANCO;CR 22 # 12A - 15 SUR;NEIVA;HUILA;;;;;;;;;;;;;;;;;;;;;;;;;;;;;;;;;;;;;;;;;;;;;;;;;;;;;;;;;;;;;;;;;;;;;;;;;;;;;;;;;;;;;
NEIVA INMACULADA ;PROYECTO ALTO CHICALA SUPERMANZANA 7 LOTE 1;NEIVA;HUILA;;;;;;;;;;;;;;;;;;;;;;;;;;;;;;;;;;;;;;;;;;;;;;;;;;;;;;;;;;;;;;;;;;;;;;;;;;;;;;;;;;;;;
TOLIMA ROVIRA;CR 2 # 3 - 36/38 ;ROVIRA;TOLIMA;;;;;;;;;;;;;;;;;;;;;;;;;;;;;;;;;;;;;;;;;;;;;;;;;;;;;;;;;;;;;;;;;;;;;;;;;;;;;;;;;;;;;
NORCASIA;CR 7 N. 11 - 19 CL 12 N. 7 -21731 PREDIO RESULTANTE N. 4;NORCASIA;CALDAS;;;;;;;;;;;;;;;;;;;;;;;;;;;;;;;;;;;;;;;;;;;;;;;;;;;;;;;;;;;;;;;;;;;;;;;;;;;;;;;;;;;;;
SAMANA;CL 7 NO. 9-26/36;SAMANA;CALDAS;;;;;;;;;;;;;;;;;;;;;;;;;;;;;;;;;;;;;;;;;;;;;;;;;;;;;;;;;;;;;;;;;;;;;;;;;;;;;;;;;;;;;
VICTORIA;CR 6 10 25/35;VICTORIA;CALDAS;;;;;;;;;;;;;;;;;;;;;;;;;;;;;;;;;;;;;;;;;;;;;;;;;;;;;;;;;;;;;;;;;;;;;;;;;;;;;;;;;;;;;
DORADA CENTRO;CL 15 3-41/45/49;LA DORADA;CALDAS;;;;;;;;;;;;;;;;;;;;;;;;;;;;;;;;;;;;;;;;;;;;;;;;;;;;;;;;;;;;;;;;;;;;;;;;;;;;;;;;;;;;;
DORADA ALPES;CR 5 6 34;LA DORADA;CALDAS;;;;;;;;;;;;;;;;;;;;;;;;;;;;;;;;;;;;;;;;;;;;;;;;;;;;;;;;;;;;;;;;;;;;;;;;;;;;;;;;;;;;;
DORADA FERIAS ;CR 4 44-44;LA DORADA;CALDAS;;;;;;;;;;;;;;;;;;;;;;;;;;;;;;;;;;;;;;;;;;;;;;;;;;;;;;;;;;;;;;;;;;;;;;;;;;;;;;;;;;;;;
DORADA 4;CR 3 22-19;LA DORADA;CALDAS;;;;;;;;;;;;;;;;;;;;;;;;;;;;;;;;;;;;;;;;;;;;;;;;;;;;;;;;;;;;;;;;;;;;;;;;;;;;;;;;;;;;;
PTO SALGAR;CR 10  11 18;PUERTO SALGAR;CUNDINAMARCA;;;;;;;;;;;;;;;;;;;;;;;;;;;;;;;;;;;;;;;;;;;;;;;;;;;;;;;;;;;;;;;;;;;;;;;;;;;;;;;;;;;;;
NEIVA ALTICO;CR 10 # 6A 50;NEIVA;HUILA;;;;;;;;;;;;;;;;;;;;;;;;;;;;;;;;;;;;;;;;;;;;;;;;;;;;;;;;;;;;;;;;;;;;;;;;;;;;;;;;;;;;;
TOLEMAIDA;FUERTE MILITAR DE TOLEMAIDA  ;NILO;CUNDINAMARCA;;;;;;;;;;;;;;;;;;;;;;;;;;;;;;;;;;;;;;;;;;;;;;;;;;;;;;;;;;;;;;;;;;;;;;;;;;;;;;;;;;;;;
HUILA GARZON;CR 10 # 10-79 ;GARZON;HUILA;;;;;;;;;;;;;;;;;;;;;;;;;;;;;;;;;;;;;;;;;;;;;;;;;;;;;;;;;;;;;;;;;;;;;;;;;;;;;;;;;;;;;
IBAGUE ANTONIO NARI¥O;AV AMBALA # 29 - 09;IBAGUE;TOLIMA;;;;;;;;;;;;;;;;;;;;;;;;;;;;;;;;;;;;;;;;;;;;;;;;;;;;;;;;;;;;;;;;;;;;;;;;;;;;;;;;;;;;;
GARZON CENTRO;CR 11 # 3 - 11;GARZON;HUILA;;;;;;;;;;;;;;;;;;;;;;;;;;;;;;;;;;;;;;;;;;;;;;;;;;;;;;;;;;;;;;;;;;;;;;;;;;;;;;;;;;;;;
RICAURTE BULEVAR;CL 10 # 5 -215 LOCAL 4,5 Y 6 ;RICAURTE;CUNDINAMARCA;;;;;;;;;;;;;;;;;;;;;;;;;;;;;;;;;;;;;;;;;;;;;;;;;;;;;;;;;;;;;;;;;;;;;;;;;;;;;;;;;;;;;
SAN AGUSTIN ;CL 3 # 9  - 23  ;SAN AGUSTIN;HUILA;;;;;;;;;;;;;;;;;;;;;;;;;;;;;;;;;;;;;;;;;;;;;;;;;;;;;;;;;;;;;;;;;;;;;;;;;;;;;;;;;;;;;
AVENIDA PASTRANA ;AV 3 NO 15-60 ;PITALITO;HUILA;;;;;;;;;;;;;;;;;;;;;;;;;;;;;;;;;;;;;;;;;;;;;;;;;;;;;;;;;;;;;;;;;;;;;;;;;;;;;;;;;;;;;
CANTABRIA;CR 8 NO 121 225 ;IBAGUE;TOLIMA;;;;;;;;;;;;;;;;;;;;;;;;;;;;;;;;;;;;;;;;;;;;;;;;;;;;;;;;;;;;;;;;;;;;;;;;;;;;;;;;;;;;;
NEIVA TENERIFE;AV TENERIFE CL 21 # 7A - 21 ;NEIVA;HUILA;;;;;;;;;;;;;;;;;;;;;;;;;;;;;;;;;;;;;;;;;;;;;;;;;;;;;;;;;;;;;;;;;;;;;;;;;;;;;;;;;;;;;
TOLIMA PURIFICACIàN;CR 6A 5 - 58;PURIFICACIàN;TOLIMA;;;;;;;;;;;;;;;;;;;;;;;;;;;;;;;;;;;;;;;;;;;;;;;;;;;;;;;;;;;;;;;;;;;;;;;;;;;;;;;;;;;;;
IBAGUE BARLOVENTO;CR 7 # 75A - 47 LOCAL 1 EDIFICIO TORRES DE BARLOVENTO;IBAGUE;TOLIMA;;;;;;;;;;;;;;;;;;;;;;;;;;;;;;;;;;;;;;;;;;;;;;;;;;;;;;;;;;;;;;;;;;;;;;;;;;;;;;;;;;;;;
ESPINAL PLAZA;CL 10 #10 - 4 - 61;ESPINAL;TOLIMA;;;;;;;;;;;;;;;;;;;;;;;;;;;;;;;;;;;;;;;;;;;;;;;;;;;;;;;;;;;;;;;;;;;;;;;;;;;;;;;;;;;;;
HUILA AGRADO;CR 5 # 07 - 31;AGRADO;HUILA;;;;;;;;;;;;;;;;;;;;;;;;;;;;;;;;;;;;;;;;;;;;;;;;;;;;;;;;;;;;;;;;;;;;;;;;;;;;;;;;;;;;;
ORITO PUTUMAYO;CL 8 #9B-14 HOTEL SAMARAM;ORITO;PUTUMAYO;;;;;;;;;;;;;;;;;;;;;;;;;;;;;;;;;;;;;;;;;;;;;;;;;;;;;;;;;;;;;;;;;;;;;;;;;;;;;;;;;;;;;
PUERTO ASIS KENNEDY;AV COCAYA T25 # 31B-49;PUERTO ASIS;PUTUMAYO;;;;;;;;;;;;;;;;;;;;;;;;;;;;;;;;;;;;;;;;;;;;;;;;;;;;;;;;;;;;;;;;;;;;;;;;;;;;;;;;;;;;;
HUILA ACEVEDO;CR 5 N 2 - 46;ACEVEDO;HUILA;;;;;;;;;;;;;;;;;;;;;;;;;;;;;;;;;;;;;;;;;;;;;;;;;;;;;;;;;;;;;;;;;;;;;;;;;;;;;;;;;;;;;
IBAGUE CL 60 AMBALA;CR 14 # 44 - 63;IBAGUE;TOLIMA;;;;;;;;;;;;;;;;;;;;;;;;;;;;;;;;;;;;;;;;;;;;;;;;;;;;;;;;;;;;;;;;;;;;;;;;;;;;;;;;;;;;;
VENADILLO CENTRO;CR 5TA #3 -66;VENADILLO;TOLIMA;;;;;;;;;;;;;;;;;;;;;;;;;;;;;;;;;;;;;;;;;;;;;;;;;;;;;;;;;;;;;;;;;;;;;;;;;;;;;;;;;;;;;
PUERTO SALGAR BASE AEREA;CL 14 #11-27;PUERTO SALGAR;CUNDINAMARCA;;;;;;;;;;;;;;;;;;;;;;;;;;;;;;;;;;;;;;;;;;;;;;;;;;;;;;;;;;;;;;;;;;;;;;;;;;;;;;;;;;;;;
IBAGUE JORDAN CR 5;CR 5 # 64A - 104 MZ 18;IBAGUE;TOLIMA;;;;;;;;;;;;;;;;;;;;;;;;;;;;;;;;;;;;;;;;;;;;;;;;;;;;;;;;;;;;;;;;;;;;;;;;;;;;;;;;;;;;;
GIRARDOT CRA 10;CR 10 # 28 - 35;GIRARDOT;CUNDINAMARCA;;;;;;;;;;;;;;;;;;;;;;;;;;;;;;;;;;;;;;;;;;;;;;;;;;;;;;;;;;;;;;;;;;;;;;;;;;;;;;;;;;;;;
CAQ BELEN;CR 4 # 2 D 102-112 BARRIO CIUDAD MODELO;BELEN DE LOS ANDAQUIES;CAQUETA;;;;;;;;;;;;;;;;;;;;;;;;;;;;;;;;;;;;;;;;;;;;;;;;;;;;;;;;;;;;;;;;;;;;;;;;;;;;;;;;;;;;;
CAQ CHAIRA CENTRO;CL 4 # 7 -34-38 BARRIO ANTIOQUIA;CARTAGENA DEL CHAIRA;CAQUETA;;;;;;;;;;;;;;;;;;;;;;;;;;;;;;;;;;;;;;;;;;;;;;;;;;;;;;;;;;;;;;;;;;;;;;;;;;;;;;;;;;;;;
NEIVA CENTRO;CL 12 # 6 - 82;NEIVA;HUILA;;;;;;;;;;;;;;;;;;;;;;;;;;;;;;;;;;;;;;;;;;;;;;;;;;;;;;;;;;;;;;;;;;;;;;;;;;;;;;;;;;;;;
SAN MIGUEL PUTUMAYO;CR 4 # 5 - 45 CENTRO;SAN MIGUEL;PUTUMAYO;;;;;;;;;;;;;;;;;;;;;;;;;;;;;;;;;;;;;;;;;;;;;;;;;;;;;;;;;;;;;;;;;;;;;;;;;;;;;;;;;;;;;
HUILA GUADALUPE;CR 4 # 3 - 38 BARRIO SANTA LUCIA;GUADALUPE;HUILA;;;;;;;;;;;;;;;;;;;;;;;;;;;;;;;;;;;;;;;;;;;;;;;;;;;;;;;;;;;;;;;;;;;;;;;;;;;;;;;;;;;;;
VILLAGARZON PUTUMAYO;CL 3 # 06-05;VILLAGARZON;PUTUMAYO;;;;;;;;;;;;;;;;;;;;;;;;;;;;;;;;;;;;;;;;;;;;;;;;;;;;;;;;;;;;;;;;;;;;;;;;;;;;;;;;;;;;;
TOL PLANADAS GALERIA;CL 8 # 4-51 BARRIO AEROPUERTO PLANADAS;PLANADAS;TOLIMA;;;;;;;;;;;;;;;;;;;;;;;;;;;;;;;;;;;;;;;;;;;;;;;;;;;;;;;;;;;;;;;;;;;;;;;;;;;;;;;;;;;;;
PITALITO BRUSELAS;CL 6 # 4-29 ;PITALITO;HUILA;;;;;;;;;;;;;;;;;;;;;;;;;;;;;;;;;;;;;;;;;;;;;;;;;;;;;;;;;;;;;;;;;;;;;;;;;;;;;;;;;;;;;
HUILA SUAZA;CL 7 # 5 - 66 ;SUAZA;HUILA;;;;;;;;;;;;;;;;;;;;;;;;;;;;;;;;;;;;;;;;;;;;;;;;;;;;;;;;;;;;;;;;;;;;;;;;;;;;;;;;;;;;;
GIRARDOT AV BAVARIA;AV 29 CL 23 ESQUINA;GIRARDOT;CUNDINAMARCA;;;;;;;;;;;;;;;;;;;;;;;;;;;;;;;;;;;;;;;;;;;;;;;;;;;;;;;;;;;;;;;;;;;;;;;;;;;;;;;;;;;;;
PITALITO VILLA SOFIA;CR 1 A CL 17 22 - 28;PITALITO;HUILA;;;;;;;;;;;;;;;;;;;;;;;;;;;;;;;;;;;;;;;;;;;;;;;;;;;;;;;;;;;;;;;;;;;;;;;;;;;;;;;;;;;;;
NEIVA PTA DEL SOL;CR 33 # 30A - 05 SUR BARRIO PUERTA DEL SOL;NEIVA;HUILA;;;;;;;;;;;;;;;;;;;;;;;;;;;;;;;;;;;;;;;;;;;;;;;;;;;;;;;;;;;;;;;;;;;;;;;;;;;;;;;;;;;;;
HUILA CAMPO ALEGRE;CR 8 # 16 - 30;CAMPO ALEGRE;HUILA;;;;;;;;;;;;;;;;;;;;;;;;;;;;;;;;;;;;;;;;;;;;;;;;;;;;;;;;;;;;;;;;;;;;;;;;;;;;;;;;;;;;;
HUILA ISNOS;CL 4 No. 5-40/42;ISNOS;HUILA;;;;;;;;;;;;;;;;;;;;;;;;;;;;;;;;;;;;;;;;;;;;;;;;;;;;;;;;;;;;;;;;;;;;;;;;;;;;;;;;;;;;;
TOL MARIQUITA DORADO;CL 7 # 7-63 EL DORADO;MARIQUITA;TOLIMA;;;;;;;;;;;;;;;;;;;;;;;;;;;;;;;;;;;;;;;;;;;;;;;;;;;;;;;;;;;;;;;;;;;;;;;;;;;;;;;;;;;;;
FLORENCIA CALLE 21;CL 21 # 4C-94/96/102 ;FLORENCIA;CAQUETA;;;;;;;;;;;;;;;;;;;;;;;;;;;;;;;;;;;;;;;;;;;;;;;;;;;;;;;;;;;;;;;;;;;;;;;;;;;;;;;;;;;;;
GUAMO CENTRO;CL 11 # 09-24 BARRIO CENTRO ;GUAMO;TOLIMA;;;;;;;;;;;;;;;;;;;;;;;;;;;;;;;;;;;;;;;;;;;;;;;;;;;;;;;;;;;;;;;;;;;;;;;;;;;;;;;;;;;;;
MELGAR SICOMORO;CL 7 # 50-105 BARRIO RESACAS;MELGAR;TOLIMA;;;;;;;;;;;;;;;;;;;;;;;;;;;;;;;;;;;;;;;;;;;;;;;;;;;;;;;;;;;;;;;;;;;;;;;;;;;;;;;;;;;;;
FLORENCIA TRONCAL;CR 11 # 4A SUR 20 ;FLORENCIA;CAQUETA;;;;;;;;;;;;;;;;;;;;;;;;;;;;;;;;;;;;;;;;;;;;;;;;;;;;;;;;;;;;;;;;;;;;;;;;;;;;;;;;;;;;;
CAQ SAN VICEN CAGUAN;CL 4A # 05 - 71 BARRIO CENTRO ;SAN VICENTE DEL CAGUAN;CAQUETA;;;;;;;;;;;;;;;;;;;;;;;;;;;;;;;;;;;;;;;;;;;;;;;;;;;;;;;;;;;;;;;;;;;;;;;;;;;;;;;;;;;;;
NEIVA COMUNEROS;CL 8 # 1H 24-28 ;NEIVA;HUILA;;;;;;;;;;;;;;;;;;;;;;;;;;;;;;;;;;;;;;;;;;;;;;;;;;;;;;;;;;;;;;;;;;;;;;;;;;;;;;;;;;;;;
MOCOA PABLO VI;CR 3 # 9A 46 PABLO Vl;MOCOA;PUTUMAYO;;;;;;;;;;;;;;;;;;;;;;;;;;;;;;;;;;;;;;;;;;;;;;;;;;;;;;;;;;;;;;;;;;;;;;;;;;;;;;;;;;;;;
GIRARDOT AV NARI¥O;CR 24 # 9-33 BARRIO LA COLINA;GIRARDOT;CUNDINAMARCA;;;;;;;;;;;;;;;;;;;;;;;;;;;;;;;;;;;;;;;;;;;;;;;;;;;;;;;;;;;;;;;;;;;;;;;;;;;;;;;;;;;;;
IBAGUE ARRAYANES;CR 5 # 67 - 29/49;IBAGUE;TOLIMA;;;;;;;;;;;;;;;;;;;;;;;;;;;;;;;;;;;;;;;;;;;;;;;;;;;;;;;;;;;;;;;;;;;;;;;;;;;;;;;;;;;;;
PITALITO PLAZA CIVIC;CL 7 # 3-14;PITALITO;HUILA;;;;;;;;;;;;;;;;;;;;;;;;;;;;;;;;;;;;;;;;;;;;;;;;;;;;;;;;;;;;;;;;;;;;;;;;;;;;;;;;;;;;;
MELGAR SULTANA;CL 13 # 10 - 54;MELGAR;TOLIMA;;;;;;;;;;;;;;;;;;;;;;;;;;;;;;;;;;;;;;;;;;;;;;;;;;;;;;;;;;;;;;;;;;;;;;;;;;;;;;;;;;;;;
IBAGUE MONTECARLO;CR 14 # 126 ?322/340 ;IBAGUE;TOLIMA;;;;;;;;;;;;;;;;;;;;;;;;;;;;;;;;;;;;;;;;;;;;;;;;;;;;;;;;;;;;;;;;;;;;;;;;;;;;;;;;;;;;;
IBAGUE RICAURTE;CALLE 23 BIS # 11-15 BARRIO RICAURTE;IBAGUE;TOLIMA;;;;;;;;;;;;;;;;;;;;;;;;;;;;;;;;;;;;;;;;;;;;;;;;;;;;;;;;;;;;;;;;;;;;;;;;;;;;;;;;;;;;;
IBAGUE PANOPTICO;CL 10 # 7 - 51 BR BELEN CASA LT;IBAGUE;TOLIMA;;;;;;;;;;;;;;;;;;;;;;;;;;;;;;;;;;;;;;;;;;;;;;;;;;;;;;;;;;;;;;;;;;;;;;;;;;;;;;;;;;;;;
NEIVA LAS GRANJAS;AV. 26 O CRA 8A # 35-08/22 ;NEIVA;HUILA;;;;;;;;;;;;;;;;;;;;;;;;;;;;;;;;;;;;;;;;;;;;;;;;;;;;;;;;;;;;;;;;;;;;;;;;;;;;;;;;;;;;;
"CHAPARRAL SIMàN BOLIVAR	";Calle 10 # 4 - 37;CHAPARRAL;TOLIMA;;;;;;;;;;;;;;;;;;;;;;;;;;;;;;;;;;;;;;;;;;;;;;;;;;;;;;;;;;;;;;;;;;;;;;;;;;;;;;;;;;;;;
CAQ SAN VICENTE JARDIN;calle 9¦ N 5- 50/ 58/59/66/71;SAN VICENTE DEL CAGUAN;CAQUETA;;;;;;;;;;;;;;;;;;;;;;;;;;;;;;;;;;;;;;;;;;;;;;;;;;;;;;;;;;;;;;;;;;;;;;;;;;;;;;;;;;;;;
IBAGUE CALLE 19;)ÿcalle 19 (Kr 7 No. 19-7-12 Barrio Interlaken) ;IBAGUE;TOLIMA;;;;;;;;;;;;;;;;;;;;;;;;;;;;;;;;;;;;;;;;;;;;;;;;;;;;;;;;;;;;;;;;;;;;;;;;;;;;;;;;;;;;;
FLANDES AV PANAMERICANA;Manzana G Lote 1 /19 ;FLANDES;TOLIMA;;;;;;;;;;;;;;;;;;;;;;;;;;;;;;;;;;;;;;;;;;;;;;;;;;;;;;;;;;;;;;;;;;;;;;;;;;;;;;;;;;;;;
HONDA SANTA BARBARA;Carrera 12 26-42 barrio santa b rbara;HONDA;TOLIMA;;;;;;;;;;;;;;;;;;;;;;;;;;;;;;;;;;;;;;;;;;;;;;;;;;;;;;;;;;;;;;;;;;;;;;;;;;;;;;;;;;;;;
