TIENDA;DIRECCION CAMARA Y COMERCIO;CIUDAD/MUNICIPIO;DEPARTAMENTO;BARRIO;;;;;;;;;;;;;;;;;;;;;;;;;;;;;;;;;;;;;;;;;;;;;;;;;;;;;;;;;;;;;;;;;;;;;;;;;;;;;;;;;;;;
BMANGA MESON BUCAROS;AV QUEBRADA SECA # 27 - 65 ;BUCARAMANGA;SANTANDER;San Alonso ;;;;;;;;;;;;;;;;;;;;;;;;;;;;;;;;;;;;;;;;;;;;;;;;;;;;;;;;;;;;;;;;;;;;;;;;;;;;;;;;;;;;
BMANGA SAN FRANCISCO;CL 14 # 21 - 65;BUCARAMANGA;SANTANDER;San Francisco ;;;;;;;;;;;;;;;;;;;;;;;;;;;;;;;;;;;;;;;;;;;;;;;;;;;;;;;;;;;;;;;;;;;;;;;;;;;;;;;;;;;;
BUCARAMANGA TRYP;CR 36 # 48 - 65 ;BUCARAMANGA;SANTANDER;Cabecera Llano ;;;;;;;;;;;;;;;;;;;;;;;;;;;;;;;;;;;;;;;;;;;;;;;;;;;;;;;;;;;;;;;;;;;;;;;;;;;;;;;;;;;;
BMANGA AURORA;CL 35 # 27 - 1 ;BUCARAMANGA;SANTANDER;Aurora ;;;;;;;;;;;;;;;;;;;;;;;;;;;;;;;;;;;;;;;;;;;;;;;;;;;;;;;;;;;;;;;;;;;;;;;;;;;;;;;;;;;;
PIEDECUESTA SAN RAFA;CL 8 # 12 - 84 ;PIEDECUESTA;SANTANDER;San Rafael ;;;;;;;;;;;;;;;;;;;;;;;;;;;;;;;;;;;;;;;;;;;;;;;;;;;;;;;;;;;;;;;;;;;;;;;;;;;;;;;;;;;;
FLORIDABLA FLOR;CR 27 A # 122 - 57 ;FLORIDABLANCA;SANTANDER;Bosques De Payador ;;;;;;;;;;;;;;;;;;;;;;;;;;;;;;;;;;;;;;;;;;;;;;;;;;;;;;;;;;;;;;;;;;;;;;;;;;;;;;;;;;;;
SAN GIL ZONA LIBRE;CR 12 # 18 - 51 ;SAN GIL;SANTANDER; La Sagrada Familia ;;;;;;;;;;;;;;;;;;;;;;;;;;;;;;;;;;;;;;;;;;;;;;;;;;;;;;;;;;;;;;;;;;;;;;;;;;;;;;;;;;;;
GIRON EL LLANITO;CR 29 # 43 - 56 ;GIRON;SANTANDER; Llanito ;;;;;;;;;;;;;;;;;;;;;;;;;;;;;;;;;;;;;;;;;;;;;;;;;;;;;;;;;;;;;;;;;;;;;;;;;;;;;;;;;;;;
SAL GIL CENTRO;CR 11 # 10 - 40 ;SAN GIL;SANTANDER;Maria Auxiliadora ;;;;;;;;;;;;;;;;;;;;;;;;;;;;;;;;;;;;;;;;;;;;;;;;;;;;;;;;;;;;;;;;;;;;;;;;;;;;;;;;;;;;
CUC PARQUE SANTANDER;AV 5 # 12 - 48 ;CUCUTA;N. DE SANTANDER;CENTRO;;;;;;;;;;;;;;;;;;;;;;;;;;;;;;;;;;;;;;;;;;;;;;;;;;;;;;;;;;;;;;;;;;;;;;;;;;;;;;;;;;;;
LEBRIJA CENTRO;CR 10 # 11 - 25 ;LEBRIJA;SANTANDER; Centro ;;;;;;;;;;;;;;;;;;;;;;;;;;;;;;;;;;;;;;;;;;;;;;;;;;;;;;;;;;;;;;;;;;;;;;;;;;;;;;;;;;;;
SABANA CENTRO;CR 12 # 13 - 50 ;SABANA DE TORRES;SANTANDER; Centro ;;;;;;;;;;;;;;;;;;;;;;;;;;;;;;;;;;;;;;;;;;;;;;;;;;;;;;;;;;;;;;;;;;;;;;;;;;;;;;;;;;;;
BMANGA LAS CIGARRAS;AV LOS BUCAROS # 60 -174;BUCARAMANGA;SANTANDER;Las Cigarras ;;;;;;;;;;;;;;;;;;;;;;;;;;;;;;;;;;;;;;;;;;;;;;;;;;;;;;;;;;;;;;;;;;;;;;;;;;;;;;;;;;;;
CUCUTA LATINO;AV 2 # 9 - 14 ;CUCUTA;N. DE SANTANDER;LATINO;;;;;;;;;;;;;;;;;;;;;;;;;;;;;;;;;;;;;;;;;;;;;;;;;;;;;;;;;;;;;;;;;;;;;;;;;;;;;;;;;;;;
MSTOS MDO CAMPESINO;LOTE C -12 DEL CONDOMINIO PUEBLITO ACUARELA 2 SEGUNDA VEREDA EL VERDE;LOS SANTOS;SANTANDER;Acuarela ;;;;;;;;;;;;;;;;;;;;;;;;;;;;;;;;;;;;;;;;;;;;;;;;;;;;;;;;;;;;;;;;;;;;;;;;;;;;;;;;;;;;
ZAPATOCA;CR 9 # 18 - 3 ;ZAPATOCA;SANTANDER;Centro ;;;;;;;;;;;;;;;;;;;;;;;;;;;;;;;;;;;;;;;;;;;;;;;;;;;;;;;;;;;;;;;;;;;;;;;;;;;;;;;;;;;;
AGCHCA EL PROGRESO;CR 14 # 10 - 83;AGUACHICA;CESAR;El Progreso ;;;;;;;;;;;;;;;;;;;;;;;;;;;;;;;;;;;;;;;;;;;;;;;;;;;;;;;;;;;;;;;;;;;;;;;;;;;;;;;;;;;;
BMANGA LA ISLA;CL 56 # 17 B - 36 ;BUCARAMANGA;SANTANDER;La Isla ;;;;;;;;;;;;;;;;;;;;;;;;;;;;;;;;;;;;;;;;;;;;;;;;;;;;;;;;;;;;;;;;;;;;;;;;;;;;;;;;;;;;
F BLA CA•AVERAL;CL 30 # 24 - 18 ;FLORIDABLANCA;SANTANDER;Ca§averal ;;;;;;;;;;;;;;;;;;;;;;;;;;;;;;;;;;;;;;;;;;;;;;;;;;;;;;;;;;;;;;;;;;;;;;;;;;;;;;;;;;;;
BBERMEJA EL RETEN;CL 37 # 62 - 89 ;BARRANCABERMEJA;SANTANDER;El Reten ;;;;;;;;;;;;;;;;;;;;;;;;;;;;;;;;;;;;;;;;;;;;;;;;;;;;;;;;;;;;;;;;;;;;;;;;;;;;;;;;;;;;
BMANGA ALARCON;CR 19 # 23 - 27;BUCARAMANGA;SANTANDER;Alarcon ;;;;;;;;;;;;;;;;;;;;;;;;;;;;;;;;;;;;;;;;;;;;;;;;;;;;;;;;;;;;;;;;;;;;;;;;;;;;;;;;;;;;
LA UNION;CL 5 # 25 - 22 ;AGUACHICA;CESAR;La Uni¢n ;;;;;;;;;;;;;;;;;;;;;;;;;;;;;;;;;;;;;;;;;;;;;;;;;;;;;;;;;;;;;;;;;;;;;;;;;;;;;;;;;;;;
PASEO DEL PUENTE;CR 6 # 16 - 60 ;PIEDECUESTA;SANTANDER;Paseo Del Puente ;;;;;;;;;;;;;;;;;;;;;;;;;;;;;;;;;;;;;;;;;;;;;;;;;;;;;;;;;;;;;;;;;;;;;;;;;;;;;;;;;;;;
SAN ALBERTO;CR 4 # 4 - 5 ;SAN ALBERTO;CESAR;Centro ;;;;;;;;;;;;;;;;;;;;;;;;;;;;;;;;;;;;;;;;;;;;;;;;;;;;;;;;;;;;;;;;;;;;;;;;;;;;;;;;;;;;
BBERMEJA TORCOROMA;CL 53 # 17 - 77 ;BARRANCABERMEJA;SANTANDER;Torcoroma ;;;;;;;;;;;;;;;;;;;;;;;;;;;;;;;;;;;;;;;;;;;;;;;;;;;;;;;;;;;;;;;;;;;;;;;;;;;;;;;;;;;;
BMANGA CAMPO HERMOSO;CL 45 # 0 - 120 ;BUCARAMANGA;SANTANDER;Campo Hermoso ;;;;;;;;;;;;;;;;;;;;;;;;;;;;;;;;;;;;;;;;;;;;;;;;;;;;;;;;;;;;;;;;;;;;;;;;;;;;;;;;;;;;
BMANGA LA ROSITA;AV LA ROSITA CL 17 # 86 ;BUCARAMANGA;SANTANDER;La Concordia ;;;;;;;;;;;;;;;;;;;;;;;;;;;;;;;;;;;;;;;;;;;;;;;;;;;;;;;;;;;;;;;;;;;;;;;;;;;;;;;;;;;;
FBLA  CARACOLI;CL 31 # 29 - ;FLORIDABLANCA;SANTANDER;Ca§averal Oriental ;;;;;;;;;;;;;;;;;;;;;;;;;;;;;;;;;;;;;;;;;;;;;;;;;;;;;;;;;;;;;;;;;;;;;;;;;;;;;;;;;;;;
BMANGA BOLIVAR;CR 21 # 41 - 44 ;BUCARAMANGA;SANTANDER;Bol°var ;;;;;;;;;;;;;;;;;;;;;;;;;;;;;;;;;;;;;;;;;;;;;;;;;;;;;;;;;;;;;;;;;;;;;;;;;;;;;;;;;;;;
BBERMEJA LAS GRANJAS;TV 43 D # 59 - 6 ;BARRANCABERMEJA;SANTANDER;Las Granjas ;;;;;;;;;;;;;;;;;;;;;;;;;;;;;;;;;;;;;;;;;;;;;;;;;;;;;;;;;;;;;;;;;;;;;;;;;;;;;;;;;;;;
BMANGA SAN ALONSO;CL 14 # 30 - 28 ;BUCARAMANGA;SANTANDER;San Alonso ;;;;;;;;;;;;;;;;;;;;;;;;;;;;;;;;;;;;;;;;;;;;;;;;;;;;;;;;;;;;;;;;;;;;;;;;;;;;;;;;;;;;
BBERMEJA COLOMBIA;CR 19 # 51 - 16 ;BARRANCABERMEJA;SANTANDER;Colombia ;;;;;;;;;;;;;;;;;;;;;;;;;;;;;;;;;;;;;;;;;;;;;;;;;;;;;;;;;;;;;;;;;;;;;;;;;;;;;;;;;;;;
CIMITARRA CENTRO;CR 3 A # 6 - 39 ;CIMITARRA;SANTANDER;Centro ;;;;;;;;;;;;;;;;;;;;;;;;;;;;;;;;;;;;;;;;;;;;;;;;;;;;;;;;;;;;;;;;;;;;;;;;;;;;;;;;;;;;
BMANGA PARQUE ROMERO;CR 12 # 42 - 40 ;BUCARAMANGA;SANTANDER;Garc°a Rovira ;;;;;;;;;;;;;;;;;;;;;;;;;;;;;;;;;;;;;;;;;;;;;;;;;;;;;;;;;;;;;;;;;;;;;;;;;;;;;;;;;;;;
GIRON MALPASO;CL 104 E # 9 - 206 ;GIRON;SANTANDER;Mal Paso ;;;;;;;;;;;;;;;;;;;;;;;;;;;;;;;;;;;;;;;;;;;;;;;;;;;;;;;;;;;;;;;;;;;;;;;;;;;;;;;;;;;;
BMANGA PORTAL NORTE;KM 2 VIA AL MAR # 0 - 26;BUCARAMANGA;SANTANDER;Kennedy ;;;;;;;;;;;;;;;;;;;;;;;;;;;;;;;;;;;;;;;;;;;;;;;;;;;;;;;;;;;;;;;;;;;;;;;;;;;;;;;;;;;;
EL CARRETERO;CL 3 # 13 - 20 ;AGUACHICA;CESAR;Centro ;;;;;;;;;;;;;;;;;;;;;;;;;;;;;;;;;;;;;;;;;;;;;;;;;;;;;;;;;;;;;;;;;;;;;;;;;;;;;;;;;;;;
BBERMEJA LA LIBERTAD;CL 72 # 21 - 90 ;BARRANCABERMEJA;SANTANDER;La Libertad ;;;;;;;;;;;;;;;;;;;;;;;;;;;;;;;;;;;;;;;;;;;;;;;;;;;;;;;;;;;;;;;;;;;;;;;;;;;;;;;;;;;;
BMANGA EL PRADO;CR 33 # 41 - 25 ;BUCARAMANGA;SANTANDER;El Prado ;;;;;;;;;;;;;;;;;;;;;;;;;;;;;;;;;;;;;;;;;;;;;;;;;;;;;;;;;;;;;;;;;;;;;;;;;;;;;;;;;;;;
CUCUTA SAN MATEO;Avenida 3 # 25-61 CC Mayorista;CUCUTA;N. DE SANTANDER;SAN MATEO ;;;;;;;;;;;;;;;;;;;;;;;;;;;;;;;;;;;;;;;;;;;;;;;;;;;;;;;;;;;;;;;;;;;;;;;;;;;;;;;;;;;;
SOCORRO PLAZA;CR 17 # 10 - 38 ;SOCORRO;SANTANDER;Centro ;;;;;;;;;;;;;;;;;;;;;;;;;;;;;;;;;;;;;;;;;;;;;;;;;;;;;;;;;;;;;;;;;;;;;;;;;;;;;;;;;;;;
PARQUE DE LOS NI•OS;CL 32 # 26 - 28 ;BUCARAMANGA;SANTANDER;PARQUE DE LOS NI•OS;;;;;;;;;;;;;;;;;;;;;;;;;;;;;;;;;;;;;;;;;;;;;;;;;;;;;;;;;;;;;;;;;;;;;;;;;;;;;;;;;;;;
BBERMEJA LA FORTUNA;QUEBRADA BLANCA VEREDA LA FORTUNA LOCAL 2;BARRANCABERMEJA;SANTANDER;La Fortuna ;;;;;;;;;;;;;;;;;;;;;;;;;;;;;;;;;;;;;;;;;;;;;;;;;;;;;;;;;;;;;;;;;;;;;;;;;;;;;;;;;;;;
VILLA MERCEDES;CR 15 # 1 N - 36 ;BUCARAMANGA;SANTANDER;La Planada ;;;;;;;;;;;;;;;;;;;;;;;;;;;;;;;;;;;;;;;;;;;;;;;;;;;;;;;;;;;;;;;;;;;;;;;;;;;;;;;;;;;;
LOS PATIOS PRINCIPAL; AV 10 K 72 A CL 27 28;LOS PATIOS;N. DE SANTANDER;CENTRO;;;;;;;;;;;;;;;;;;;;;;;;;;;;;;;;;;;;;;;;;;;;;;;;;;;;;;;;;;;;;;;;;;;;;;;;;;;;;;;;;;;;
PATIOS SABANA;AV 4 30 61 BRR CENTRO;LOS PATIOS;N. DE SANTANDER;CENTRO;;;;;;;;;;;;;;;;;;;;;;;;;;;;;;;;;;;;;;;;;;;;;;;;;;;;;;;;;;;;;;;;;;;;;;;;;;;;;;;;;;;;
SAN VICENTE;CL 11 # 15 - 27;SAN VICENTE DE CHUCURI;SANTANDER;Placitas ;;;;;;;;;;;;;;;;;;;;;;;;;;;;;;;;;;;;;;;;;;;;;;;;;;;;;;;;;;;;;;;;;;;;;;;;;;;;;;;;;;;;
FLORIDA MERCADO;CL 8 # 8 - 11 ;FLORIDABLANCA;SANTANDER;Casco Antiguo ;;;;;;;;;;;;;;;;;;;;;;;;;;;;;;;;;;;;;;;;;;;;;;;;;;;;;;;;;;;;;;;;;;;;;;;;;;;;;;;;;;;;
PIEDECUSTA MERCADO;CR 5 # 9 - 63 ;PIEDECUESTA;SANTANDER;Centro ;;;;;;;;;;;;;;;;;;;;;;;;;;;;;;;;;;;;;;;;;;;;;;;;;;;;;;;;;;;;;;;;;;;;;;;;;;;;;;;;;;;;
FLORIDA CALDAS;CR 33 # 112 - 23 -43-47;FLORIDABLANCA;SANTANDER;Caldas ;;;;;;;;;;;;;;;;;;;;;;;;;;;;;;;;;;;;;;;;;;;;;;;;;;;;;;;;;;;;;;;;;;;;;;;;;;;;;;;;;;;;
OCA•A CIRVUNVALAR;CR 11 # 19 - 186 ;OCA•A;N. DE SANTANDER;CIRCUNVALAR;;;;;;;;;;;;;;;;;;;;;;;;;;;;;;;;;;;;;;;;;;;;;;;;;;;;;;;;;;;;;;;;;;;;;;;;;;;;;;;;;;;;
GIRON POBLADO;CR 26 # 40 - 39 ;GIRON;SANTANDER;Poblado ;;;;;;;;;;;;;;;;;;;;;;;;;;;;;;;;;;;;;;;;;;;;;;;;;;;;;;;;;;;;;;;;;;;;;;;;;;;;;;;;;;;;
PABLO VI;CR 5 # 6 - 25 ;SAN GIL;SANTANDER;Pablo VI;;;;;;;;;;;;;;;;;;;;;;;;;;;;;;;;;;;;;;;;;;;;;;;;;;;;;;;;;;;;;;;;;;;;;;;;;;;;;;;;;;;;
ZULIA;CL 10 # 1 - 22 ;EL ZULIA;N. DE SANTANDER;EL TRIUNFO;;;;;;;;;;;;;;;;;;;;;;;;;;;;;;;;;;;;;;;;;;;;;;;;;;;;;;;;;;;;;;;;;;;;;;;;;;;;;;;;;;;;
GIRON MALECON;CL 27 # 24 - 23 ;GIRON;SANTANDER;El Tejar ;;;;;;;;;;;;;;;;;;;;;;;;;;;;;;;;;;;;;;;;;;;;;;;;;;;;;;;;;;;;;;;;;;;;;;;;;;;;;;;;;;;;
OCA•A MERCADO;CALLE 10  CARRERA 14 Y 15 # 14-59;OCA•A;N. DE SANTANDER;CENTRO;;;;;;;;;;;;;;;;;;;;;;;;;;;;;;;;;;;;;;;;;;;;;;;;;;;;;;;;;;;;;;;;;;;;;;;;;;;;;;;;;;;;
BBERM CINCUENTENARIO;CRA 34-38 PAR ;BARRANCABERMEJA;SANTANDER;Las Brisas ;;;;;;;;;;;;;;;;;;;;;;;;;;;;;;;;;;;;;;;;;;;;;;;;;;;;;;;;;;;;;;;;;;;;;;;;;;;;;;;;;;;;
BMANGA PROVENZA;MZ 28 CL 105 - 22  ;BUCARAMANGA;SANTANDER;Provenza ;;;;;;;;;;;;;;;;;;;;;;;;;;;;;;;;;;;;;;;;;;;;;;;;;;;;;;;;;;;;;;;;;;;;;;;;;;;;;;;;;;;;
RIONEGRO STDER;CL 13 # 7 - 84;RIONEGRO;SANTANDER;La Pesa ;;;;;;;;;;;;;;;;;;;;;;;;;;;;;;;;;;;;;;;;;;;;;;;;;;;;;;;;;;;;;;;;;;;;;;;;;;;;;;;;;;;;
BMANGA CONUCOS;CL 56 # 27 - 66 ;BUCARAMANGA;SANTANDER;Conucos ;;;;;;;;;;;;;;;;;;;;;;;;;;;;;;;;;;;;;;;;;;;;;;;;;;;;;;;;;;;;;;;;;;;;;;;;;;;;;;;;;;;;
PUERTO WILCHES SDER;CL 4 # 1 - 57 ;PUERTO WILCHES;SANTANDER;Puerto Wilches ;;;;;;;;;;;;;;;;;;;;;;;;;;;;;;;;;;;;;;;;;;;;;;;;;;;;;;;;;;;;;;;;;;;;;;;;;;;;;;;;;;;;
VILLA DEL ROSARIO;CARRERA 9 CALLE 5 Y 6 NRO 5-28;VILLA DEL ROSARIO;N. DE SANTANDER;GRAMALOTE;;;;;;;;;;;;;;;;;;;;;;;;;;;;;;;;;;;;;;;;;;;;;;;;;;;;;;;;;;;;;;;;;;;;;;;;;;;;;;;;;;;;
OCA•A SANTA CLARA;CL 5 A # 48 - 15 ;OCA•A;N. DE SANTANDER;SANTA CLARA ;;;;;;;;;;;;;;;;;;;;;;;;;;;;;;;;;;;;;;;;;;;;;;;;;;;;;;;;;;;;;;;;;;;;;;;;;;;;;;;;;;;;
PCUESTA 3  ESQUINAS;VEREDA COLINAS LOTE 73 MESA DE RUITOQUE;PIEDECUESTA;SANTANDER;Vereda Colinas ;;;;;;;;;;;;;;;;;;;;;;;;;;;;;;;;;;;;;;;;;;;;;;;;;;;;;;;;;;;;;;;;;;;;;;;;;;;;;;;;;;;;
CUCUTA MOTILONES;CL 14 # 27 - 2 ;CUCUTA;N. DE SANTANDER;Motilones;;;;;;;;;;;;;;;;;;;;;;;;;;;;;;;;;;;;;;;;;;;;;;;;;;;;;;;;;;;;;;;;;;;;;;;;;;;;;;;;;;;;
CUC LA LIBERTAD;CALLE 14 NRO 10-55 / 10-59 - La libertad;CUCUTA;N. DE SANTANDER;La libertad;;;;;;;;;;;;;;;;;;;;;;;;;;;;;;;;;;;;;;;;;;;;;;;;;;;;;;;;;;;;;;;;;;;;;;;;;;;;;;;;;;;;
N SDER CHINACOTA;CARRERA 5 CON CALLE 4 No 3-54/ 5-10 /5-24 ;CHINACOTA;N. DE SANTANDER;El Carmen;;;;;;;;;;;;;;;;;;;;;;;;;;;;;;;;;;;;;;;;;;;;;;;;;;;;;;;;;;;;;;;;;;;;;;;;;;;;;;;;;;;;
PARQUE DE LAS HERMANAS ;CL 5 # 6 - 39 ;PIEDECUESTA;SANTANDER;Hoyo Chiquito ;;;;;;;;;;;;;;;;;;;;;;;;;;;;;;;;;;;;;;;;;;;;;;;;;;;;;;;;;;;;;;;;;;;;;;;;;;;;;;;;;;;;
CUCUTA CAOBOS;CL 15 # 1 E - 126 ;CUCUTA;N. DE SANTANDER;Los Caobos ;;;;;;;;;;;;;;;;;;;;;;;;;;;;;;;;;;;;;;;;;;;;;;;;;;;;;;;;;;;;;;;;;;;;;;;;;;;;;;;;;;;;
BMANGA SAN JOSE;calle 16 No 17-65;BUCARAMANGA;SANTANDER;San Francisco ;;;;;;;;;;;;;;;;;;;;;;;;;;;;;;;;;;;;;;;;;;;;;;;;;;;;;;;;;;;;;;;;;;;;;;;;;;;;;;;;;;;;
BBERMEJA EL CAMPIN;CR 64 # 44 B - 87 ;BARRANCABERMEJA;SANTANDER;Campin;;;;;;;;;;;;;;;;;;;;;;;;;;;;;;;;;;;;;;;;;;;;;;;;;;;;;;;;;;;;;;;;;;;;;;;;;;;;;;;;;;;;
CUC PLAZA DEL ESTE;Anillo vial Occidental  v°a Escobal centro comercial plaza del este local 7;CUCUTA;N. DE SANTANDER;Prados del Este;;;;;;;;;;;;;;;;;;;;;;;;;;;;;;;;;;;;;;;;;;;;;;;;;;;;;;;;;;;;;;;;;;;;;;;;;;;;;;;;;;;;
FLORIDA LIMONCITO;CL 5 # 11 - 42 ;FLORIDABLANCA;SANTANDER;Limoncito ;;;;;;;;;;;;;;;;;;;;;;;;;;;;;;;;;;;;;;;;;;;;;;;;;;;;;;;;;;;;;;;;;;;;;;;;;;;;;;;;;;;;
GIRON PUERTOMADER;CL 13 C # 13 - 18 ;GIRON;SANTANDER;Puerto Madero;;;;;;;;;;;;;;;;;;;;;;;;;;;;;;;;;;;;;;;;;;;;;;;;;;;;;;;;;;;;;;;;;;;;;;;;;;;;;;;;;;;;
GAMARRA;CL 7 # 7 - 7 ;GAMARRA;CESAR;CENTRO ;;;;;;;;;;;;;;;;;;;;;;;;;;;;;;;;;;;;;;;;;;;;;;;;;;;;;;;;;;;;;;;;;;;;;;;;;;;;;;;;;;;;
SAN MARTIN;CR 13 # 7 - 16 ;SAN MARTIN;CESAR;Centro ;;;;;;;;;;;;;;;;;;;;;;;;;;;;;;;;;;;;;;;;;;;;;;;;;;;;;;;;;;;;;;;;;;;;;;;;;;;;;;;;;;;;
N SDER ABREGO;CL 14 # 5 - 28 ;ABREGO;N. DE SANTANDER;Centro ;;;;;;;;;;;;;;;;;;;;;;;;;;;;;;;;;;;;;;;;;;;;;;;;;;;;;;;;;;;;;;;;;;;;;;;;;;;;;;;;;;;;
SDER CHARALA;CL 24 # 14 A - 30 ;CHARALA;SANTANDER;Centro ;;;;;;;;;;;;;;;;;;;;;;;;;;;;;;;;;;;;;;;;;;;;;;;;;;;;;;;;;;;;;;;;;;;;;;;;;;;;;;;;;;;;
CUCUTA SAN LUIS;AV 3 # 17 - 59 ;CUCUTA;N. DE SANTANDER;San Luis;;;;;;;;;;;;;;;;;;;;;;;;;;;;;;;;;;;;;;;;;;;;;;;;;;;;;;;;;;;;;;;;;;;;;;;;;;;;;;;;;;;;
PCUEST BARROBLANCO;AV 17 # 15 A -30    TV 3 A W # 15 A - 23 ;PIEDECUESTA;SANTANDER;BarroBlanco;;;;;;;;;;;;;;;;;;;;;;;;;;;;;;;;;;;;;;;;;;;;;;;;;;;;;;;;;;;;;;;;;;;;;;;;;;;;;;;;;;;;
CUC FUENT LUMINOSA;AV 0 # 8 - 5 ;CUCUTA;N. DE SANTANDER;Latin;;;;;;;;;;;;;;;;;;;;;;;;;;;;;;;;;;;;;;;;;;;;;;;;;;;;;;;;;;;;;;;;;;;;;;;;;;;;;;;;;;;;
OCA•A PRIMAVERA;CL 7 # 42 - 6 ;OCA•A;N. DE SANTANDER;La Gloria;;;;;;;;;;;;;;;;;;;;;;;;;;;;;;;;;;;;;;;;;;;;;;;;;;;;;;;;;;;;;;;;;;;;;;;;;;;;;;;;;;;;
BGA PARQ CENTENARIO;CL 33 # 17 - 72 ;BUCARAMANGA;SANTANDER;Centro ;;;;;;;;;;;;;;;;;;;;;;;;;;;;;;;;;;;;;;;;;;;;;;;;;;;;;;;;;;;;;;;;;;;;;;;;;;;;;;;;;;;;
GIRON CANEYES;CL 25 # 21 B - 183 ;GIRON;SANTANDER;Villa Campestre ;;;;;;;;;;;;;;;;;;;;;;;;;;;;;;;;;;;;;;;;;;;;;;;;;;;;;;;;;;;;;;;;;;;;;;;;;;;;;;;;;;;;
CUC TERMINAL;CL 0 # 9 - 98 ;CUCUTA;N. DE SANTANDER;Pueblo Nuevo ;;;;;;;;;;;;;;;;;;;;;;;;;;;;;;;;;;;;;;;;;;;;;;;;;;;;;;;;;;;;;;;;;;;;;;;;;;;;;;;;;;;;
CUC LA CASONA;AK 5 # 12 - 3 ;CUCUTA;N. DE SANTANDER;Centro ;;;;;;;;;;;;;;;;;;;;;;;;;;;;;;;;;;;;;;;;;;;;;;;;;;;;;;;;;;;;;;;;;;;;;;;;;;;;;;;;;;;;
CUC RIVIERA;CL 8 AVENIDA 9 E - 11 ;CUCUTA;N. DE SANTANDER;La Rivera;;;;;;;;;;;;;;;;;;;;;;;;;;;;;;;;;;;;;;;;;;;;;;;;;;;;;;;;;;;;;;;;;;;;;;;;;;;;;;;;;;;;
VILLAROSA LA PARADA;CL 8 # 9 - 22 ;VILLA DEL ROSARIO;N. DE SANTANDER;La Parada;;;;;;;;;;;;;;;;;;;;;;;;;;;;;;;;;;;;;;;;;;;;;;;;;;;;;;;;;;;;;;;;;;;;;;;;;;;;;;;;;;;;
BOLIVAR SAN PABLO;CL 17 # 8 - 54 ;SAN PABLO;BOLIVAR;Santander ;;;;;;;;;;;;;;;;;;;;;;;;;;;;;;;;;;;;;;;;;;;;;;;;;;;;;;;;;;;;;;;;;;;;;;;;;;;;;;;;;;;;
CUC AVD LAS AMERICAS;CL 16 NOR # 16 C - 102 ;CUCUTA;N. DE SANTANDER;CENTRO;;;;;;;;;;;;;;;;;;;;;;;;;;;;;;;;;;;;;;;;;;;;;;;;;;;;;;;;;;;;;;;;;;;;;;;;;;;;;;;;;;;;
CUC ANTONIA SANTOS;CL 25 # 55 - 11 ;CUCUTA;N. DE SANTANDER;Antonia Santos;;;;;;;;;;;;;;;;;;;;;;;;;;;;;;;;;;;;;;;;;;;;;;;;;;;;;;;;;;;;;;;;;;;;;;;;;;;;;;;;;;;;
BMANGA GIRARDOT;CR 7 # 25 - 31 ;BUCARAMANGA;SANTANDER;Girardot ;;;;;;;;;;;;;;;;;;;;;;;;;;;;;;;;;;;;;;;;;;;;;;;;;;;;;;;;;;;;;;;;;;;;;;;;;;;;;;;;;;;;
VROSAR VILLA ANTIGUA;VILLA DEL ROSARIO AUT CUCUTA - VENEZUELA;CUCUTA;N. DE SANTANDER;villa antigua ;;;;;;;;;;;;;;;;;;;;;;;;;;;;;;;;;;;;;;;;;;;;;;;;;;;;;;;;;;;;;;;;;;;;;;;;;;;;;;;;;;;;
CUCUTA CECI;CL 2 # 3 - 44 ;CUCUTA;N. DE SANTANDER;Do§a ceci;;;;;;;;;;;;;;;;;;;;;;;;;;;;;;;;;;;;;;;;;;;;;;;;;;;;;;;;;;;;;;;;;;;;;;;;;;;;;;;;;;;;
PCUESTA DE LA CUESTA;KM 14 VIA PIEDECUESTA EDS MI ISLA;PIEDECUESTA;SANTANDER;Guatiguara ;;;;;;;;;;;;;;;;;;;;;;;;;;;;;;;;;;;;;;;;;;;;;;;;;;;;;;;;;;;;;;;;;;;;;;;;;;;;;;;;;;;;
CUC VILLA CAMILA;AV 4 # 1 - 89 ;CUCUTA;N. DE SANTANDER;San luis;;;;;;;;;;;;;;;;;;;;;;;;;;;;;;;;;;;;;;;;;;;;;;;;;;;;;;;;;;;;;;;;;;;;;;;;;;;;;;;;;;;;
BOLIVAR SANTA ROSA;CARRERA 13 # 13-33 BARRIO LAS ACACIAS;SANTA ROSA;BOLIVAR;las acacias;;;;;;;;;;;;;;;;;;;;;;;;;;;;;;;;;;;;;;;;;;;;;;;;;;;;;;;;;;;;;;;;;;;;;;;;;;;;;;;;;;;;
CCT CEIBA II;MANZANA 16 CALLE 5 BN- CALLE 6N Y AV 3E Y 7E;CUCUTA;N. DE SANTANDER;LA CEIBA;;;;;;;;;;;;;;;;;;;;;;;;;;;;;;;;;;;;;;;;;;;;;;;;;;;;;;;;;;;;;;;;;;;;;;;;;;;;;;;;;;;;
CCT TRIGAL;LOTE 9 Y 10 MZ T CORREGIMIENTO EL SALADO;CUCUTA;N. DE SANTANDER;Trigal;;;;;;;;;;;;;;;;;;;;;;;;;;;;;;;;;;;;;;;;;;;;;;;;;;;;;;;;;;;;;;;;;;;;;;;;;;;;;;;;;;;;
ANTIOQ YONDO;CR 57 # 51 - 61 ;YONDO;ANTIOQUIA;JORGE ELIECER GAITAN ;;;;;;;;;;;;;;;;;;;;;;;;;;;;;;;;;;;;;;;;;;;;;;;;;;;;;;;;;;;;;;;;;;;;;;;;;;;;;;;;;;;;
CCTA EL RODEO;MZ 46 URB SAN FERNANDO EL RODEO ;CUCUTA;N. DE SANTANDER;EL RODEO;;;;;;;;;;;;;;;;;;;;;;;;;;;;;;;;;;;;;;;;;;;;;;;;;;;;;;;;;;;;;;;;;;;;;;;;;;;;;;;;;;;;
CCTA PINAR DEL RIO;AV 10 # 61 - 60 ;LOS PATIOS;N. DE SANTANDER;PINAR DEL RIO;;;;;;;;;;;;;;;;;;;;;;;;;;;;;;;;;;;;;;;;;;;;;;;;;;;;;;;;;;;;;;;;;;;;;;;;;;;;;;;;;;;;
FLORIDABLANCA LA 200;CL 200 # 1 - 275;FLORIDABLANCA;SANTANDER;VILLA MARGARITA - SECTOR RIO FRIO;;;;;;;;;;;;;;;;;;;;;;;;;;;;;;;;;;;;;;;;;;;;;;;;;;;;;;;;;;;;;;;;;;;;;;;;;;;;;;;;;;;;
BMANGA PT PROVENZA;AUT FLORIDA # 86-30 BARRIO DIAMNATE II;BUCARAMANGA;SANTANDER;DIAMANTE II;;;;;;;;;;;;;;;;;;;;;;;;;;;;;;;;;;;;;;;;;;;;;;;;;;;;;;;;;;;;;;;;;;;;;;;;;;;;;;;;;;;;
CCT MAGDALENA;AV 20 # 23-65 BARRIO MAGDALENA;CUCUTA;N. DE SANTANDER;BARRIO MAGDALENA;;;;;;;;;;;;;;;;;;;;;;;;;;;;;;;;;;;;;;;;;;;;;;;;;;;;;;;;;;;;;;;;;;;;;;;;;;;;;;;;;;;;
CCT KENNEDY; CL 4 N # 18 - 44;CUCUTA;N. DE SANTANDER;Juan Atalaya;;;;;;;;;;;;;;;;;;;;;;;;;;;;;;;;;;;;;;;;;;;;;;;;;;;;;;;;;;;;;;;;;;;;;;;;;;;;;;;;;;;;
CARMEN CHUCURI;CL 5 # 3 - 38;EL CARMEN DE CHUCURI;SANTANDER;CENTRO;;;;;;;;;;;;;;;;;;;;;;;;;;;;;;;;;;;;;;;;;;;;;;;;;;;;;;;;;;;;;;;;;;;;;;;;;;;;;;;;;;;;
GIRON RINCON;CR 18 # 31 B - 41 BODEGA 3;GIRON;SANTANDER;Rinc¢n de Gir¢n ;;;;;;;;;;;;;;;;;;;;;;;;;;;;;;;;;;;;;;;;;;;;;;;;;;;;;;;;;;;;;;;;;;;;;;;;;;;;;;;;;;;;
CCTA INSULA;AVENIDA 7 NO 4-50;CUCUTA;N. DE SANTANDER;La insula;;;;;;;;;;;;;;;;;;;;;;;;;;;;;;;;;;;;;;;;;;;;;;;;;;;;;;;;;;;;;;;;;;;;;;;;;;;;;;;;;;;;
CCTA OSPINA PEREZ;CLL 32N NRO 27-016 (C21 5 02);CUCUTA;N. DE SANTANDER;OSPINA PEREZ;;;;;;;;;;;;;;;;;;;;;;;;;;;;;;;;;;;;;;;;;;;;;;;;;;;;;;;;;;;;;;;;;;;;;;;;;;;;;;;;;;;;
GIRON ALDEA;CR 34 C # 32 B - 17 LOCAL 101 EDIFICIO;GIRON;SANTANDER;Alcantara;;;;;;;;;;;;;;;;;;;;;;;;;;;;;;;;;;;;;;;;;;;;;;;;;;;;;;;;;;;;;;;;;;;;;;;;;;;;;;;;;;;;
FBLA SANTANA;CRA 11 NO. 7-29;FLORIDABLANCA;SANTANDER;SANTA ANA ;;;;;;;;;;;;;;;;;;;;;;;;;;;;;;;;;;;;;;;;;;;;;;;;;;;;;;;;;;;;;;;;;;;;;;;;;;;;;;;;;;;;
BMANGA CALLE 34;CRA 14 ENTRE CALLE 34 Y 35 NO. 4-50;BUCARAMANGA;SANTANDER;centro;;;;;;;;;;;;;;;;;;;;;;;;;;;;;;;;;;;;;;;;;;;;;;;;;;;;;;;;;;;;;;;;;;;;;;;;;;;;;;;;;;;;
LA UNIVERSIDAD PAMPLONA;CARRERA 3 No 3-11/25 y/o CALLE 3 No 3-02/04/06;PAMPLONA;N. DE SANTANDER;UNIVERSIDAD ;;;;;;;;;;;;;;;;;;;;;;;;;;;;;;;;;;;;;;;;;;;;;;;;;;;;;;;;;;;;;;;;;;;;;;;;;;;;;;;;;;;;
VILLAROSA LA PALMITA;Carrera 8 No 15-17 Barrio La Palmita;VILLA DEL ROSARIO;N. DE SANTANDER;LA PALMITA;;;;;;;;;;;;;;;;;;;;;;;;;;;;;;;;;;;;;;;;;;;;;;;;;;;;;;;;;;;;;;;;;;;;;;;;;;;;;;;;;;;;
CABECERA DEL LLANO;CARRERA 35 NO 54-09;BUCARAMANGA;SANTANDER;Cabecera;;;;;;;;;;;;;;;;;;;;;;;;;;;;;;;;;;;;;;;;;;;;;;;;;;;;;;;;;;;;;;;;;;;;;;;;;;;;;;;;;;;;
BOCONO VILL ROSARIO;VIA BOCONO HACIENDA SAN PEDRO LOTE 2-A LOCALES 9|10|11|12|13;VILLA DEL ROSARIO;N. DE SANTANDER;Bocono;;;;;;;;;;;;;;;;;;;;;;;;;;;;;;;;;;;;;;;;;;;;;;;;;;;;;;;;;;;;;;;;;;;;;;;;;;;;;;;;;;;;
NUEVO SOTOMAYOR;CARRERA 27 No 48-48 BARRIO SOTOMAYOR;BUCARAMANGA;SANTANDER;Sotomayor ;;;;;;;;;;;;;;;;;;;;;;;;;;;;;;;;;;;;;;;;;;;;;;;;;;;;;;;;;;;;;;;;;;;;;;;;;;;;;;;;;;;;
PATIOS PISAREAL;AVENIDA 10 No 1-72 ;LOS PATIOS;N. DE SANTANDER;PISAREAL - LOS PATIOS;;;;;;;;;;;;;;;;;;;;;;;;;;;;;;;;;;;;;;;;;;;;;;;;;;;;;;;;;;;;;;;;;;;;;;;;;;;;;;;;;;;;
RUITOQUE BAJO;EL PALOMAR LOTE # 1 ( VIA FLORIDABLANCA - ACAPULCO );FLORIDABLANCA;SANTANDER;La Hormiga ;;;;;;;;;;;;;;;;;;;;;;;;;;;;;;;;;;;;;;;;;;;;;;;;;;;;;;;;;;;;;;;;;;;;;;;;;;;;;;;;;;;;
CCTA EL ROSAL;Calle 21 A #0B-101;CUCUTA;N. DE SANTANDER;EL ROSAL ;;;;;;;;;;;;;;;;;;;;;;;;;;;;;;;;;;;;;;;;;;;;;;;;;;;;;;;;;;;;;;;;;;;;;;;;;;;;;;;;;;;;
CCTA GUAIMARAL;Av. 11E No 10N-16B;CUCUTA;N. DE SANTANDER;Guaimaral;;;;;;;;;;;;;;;;;;;;;;;;;;;;;;;;;;;;;;;;;;;;;;;;;;;;;;;;;;;;;;;;;;;;;;;;;;;;;;;;;;;;
PINOS BATALLON;Carrera ˇ33 #17-68;BUCARAMANGA;SANTANDER;Los Pinos;;;;;;;;;;;;;;;;;;;;;;;;;;;;;;;;;;;;;;;;;;;;;;;;;;;;;;;;;;;;;;;;;;;;;;;;;;;;;;;;;;;;
CCTA NIZA;CALLE 18 AN ENTRE AV 18E Y AVD RIO;CUCUTA;N. DE SANTANDER;Niza;;;;;;;;;;;;;;;;;;;;;;;;;;;;;;;;;;;;;;;;;;;;;;;;;;;;;;;;;;;;;;;;;;;;;;;;;;;;;;;;;;;;
CCTA AVENIDA TERCERA;AVENIDA 3 # 6 - 03 CENTRO;CUCUTA;N. DE SANTANDER;LATINO;;;;;;;;;;;;;;;;;;;;;;;;;;;;;;;;;;;;;;;;;;;;;;;;;;;;;;;;;;;;;;;;;;;;;;;;;;;;;;;;;;;;
BMGA MORRORICO;CALLE 32 NO 48-07;BUCARAMANGA;SANTANDER;Morrorico;;;;;;;;;;;;;;;;;;;;;;;;;;;;;;;;;;;;;;;;;;;;;;;;;;;;;;;;;;;;;;;;;;;;;;;;;;;;;;;;;;;;
CCTA LOS OLIVOS;Calle 1 No 46 B-47 Barrio Antonia santos;CUCUTA;N. DE SANTANDER;ANTONIA SANTOS;;;;;;;;;;;;;;;;;;;;;;;;;;;;;;;;;;;;;;;;;;;;;;;;;;;;;;;;;;;;;;;;;;;;;;;;;;;;;;;;;;;;
BM SANLORENZO PROVEN;CL  112  20  45;BUCARAMANGA;SANTANDER;VIVEROS DE PROVENZA;;;;;;;;;;;;;;;;;;;;;;;;;;;;;;;;;;;;;;;;;;;;;;;;;;;;;;;;;;;;;;;;;;;;;;;;;;;;;;;;;;;;
BMG NEOMUNDO;CL 89 TV ORIENTAL 69;BUCARAMANGA;SANTANDER;LAGOS DEL CACIQUE;;;;;;;;;;;;;;;;;;;;;;;;;;;;;;;;;;;;;;;;;;;;;;;;;;;;;;;;;;;;;;;;;;;;;;;;;;;;;;;;;;;;
BMG CENTRO ABASTOS;VIA PALENQUE CAFê MADRID  44 96 BG 14 LC 2;BUCARAMANGA;SANTANDER;Centro Abastos ;;;;;;;;;;;;;;;;;;;;;;;;;;;;;;;;;;;;;;;;;;;;;;;;;;;;;;;;;;;;;;;;;;;;;;;;;;;;;;;;;;;;
CCTA UNICENTRO;CL 20N  4 25  BRR TASAJERO;CUCUTA;N. DE SANTANDER;Tasajero;;;;;;;;;;;;;;;;;;;;;;;;;;;;;;;;;;;;;;;;;;;;;;;;;;;;;;;;;;;;;;;;;;;;;;;;;;;;;;;;;;;;
FBLA VILLABEL;CR 11 17 56 80  CL 19 11 32 BRR VILLABEL;FLORIDABLANCA;SANTANDER;VILLABEL;;;;;;;;;;;;;;;;;;;;;;;;;;;;;;;;;;;;;;;;;;;;;;;;;;;;;;;;;;;;;;;;;;;;;;;;;;;;;;;;;;;;
BMGA GUARIN; CL 32  33A  75;BUCARAMANGA;SANTANDER;Gal†n ;;;;;;;;;;;;;;;;;;;;;;;;;;;;;;;;;;;;;;;;;;;;;;;;;;;;;;;;;;;;;;;;;;;;;;;;;;;;;;;;;;;;
CCTA EL CONTENTO;CL 11  11  42 BRR LLANO;CUCUTA;N. DE SANTANDER;El contento ;;;;;;;;;;;;;;;;;;;;;;;;;;;;;;;;;;;;;;;;;;;;;;;;;;;;;;;;;;;;;;;;;;;;;;;;;;;;;;;;;;;;
FLORIDA LA CUMBRE; CL 29A  9E  46;FLORIDABLANCA;SANTANDER;La cumbre ;;;;;;;;;;;;;;;;;;;;;;;;;;;;;;;;;;;;;;;;;;;;;;;;;;;;;;;;;;;;;;;;;;;;;;;;;;;;;;;;;;;;
CCTA AEROPUERTO;CL 5  1 90 VDA DOS ESQUINAS;CUCUTA;N. DE SANTANDER;EL AEROPUERTO;;;;;;;;;;;;;;;;;;;;;;;;;;;;;;;;;;;;;;;;;;;;;;;;;;;;;;;;;;;;;;;;;;;;;;;;;;;;;;;;;;;;
CCTA CHAPINERO PRINC;AV 1 12B 105;CUCUTA;N. DE SANTANDER;chapinero;;;;;;;;;;;;;;;;;;;;;;;;;;;;;;;;;;;;;;;;;;;;;;;;;;;;;;;;;;;;;;;;;;;;;;;;;;;;;;;;;;;;
CCTA ALTO PAMPLONITA;CL 6 9 116;CUCUTA;N. DE SANTANDER;ALTO PAMPLONITA;;;;;;;;;;;;;;;;;;;;;;;;;;;;;;;;;;;;;;;;;;;;;;;;;;;;;;;;;;;;;;;;;;;;;;;;;;;;;;;;;;;;
BMEJA EL CENTRO BCA;CA LA LUCHA VRD PUEBLO REGAO;BARRANCABERMEJA;SANTANDER;Corregimiento el Centro;;;;;;;;;;;;;;;;;;;;;;;;;;;;;;;;;;;;;;;;;;;;;;;;;;;;;;;;;;;;;;;;;;;;;;;;;;;;;;;;;;;;
CCTA CUNDINAMARCA;CL 10 16 46 BRR CUNDINAMARCA;CUCUTA;N. DE SANTANDER;Cundinamarca;;;;;;;;;;;;;;;;;;;;;;;;;;;;;;;;;;;;;;;;;;;;;;;;;;;;;;;;;;;;;;;;;;;;;;;;;;;;;;;;;;;;
BMGA KENNEDY;CL 17 12 101 BRR KENNEDY;BUCARAMANGA;SANTANDER;KENNEDY;;;;;;;;;;;;;;;;;;;;;;;;;;;;;;;;;;;;;;;;;;;;;;;;;;;;;;;;;;;;;;;;;;;;;;;;;;;;;;;;;;;;
BMANGA GAITAN;CL 16 10 37;BUCARAMANGA;SANTANDER;GAITAN;;;;;;;;;;;;;;;;;;;;;;;;;;;;;;;;;;;;;;;;;;;;;;;;;;;;;;;;;;;;;;;;;;;;;;;;;;;;;;;;;;;;
BBERMEJA PALMIRA;CL 50 28 15 BRR PALMIRA;BARRANCABERMEJA;SANTANDER;palmira;;;;;;;;;;;;;;;;;;;;;;;;;;;;;;;;;;;;;;;;;;;;;;;;;;;;;;;;;;;;;;;;;;;;;;;;;;;;;;;;;;;;
CCTA GAITAN;CL 17 22 24;CUCUTA;N. DE SANTANDER;Gait†n ;;;;;;;;;;;;;;;;;;;;;;;;;;;;;;;;;;;;;;;;;;;;;;;;;;;;;;;;;;;;;;;;;;;;;;;;;;;;;;;;;;;;
VROSARIO TRAPICHE;sabana de los trapiches lote 2 km 7+000 villa r de rosario ;VILLA DEL ROSARIO;N. DE SANTANDER;EL TRAPICHE ;;;;;;;;;;;;;;;;;;;;;;;;;;;;;;;;;;;;;;;;;;;;;;;;;;;;;;;;;;;;;;;;;;;;;;;;;;;;;;;;;;;;
BOL CANTAGALLO;CR 4A 5 41 BRR NUEVO GALAN;CANTAGALLO;BOLIVAR;CARRERA 4 # 5- 45 CANTA GALLO;;;;;;;;;;;;;;;;;;;;;;;;;;;;;;;;;;;;;;;;;;;;;;;;;;;;;;;;;;;;;;;;;;;;;;;;;;;;;;;;;;;;
OCA•A CENTRO;CL  12 3 9;OCA•A;N. DE SANTANDER;OCA•A CENTRO;;;;;;;;;;;;;;;;;;;;;;;;;;;;;;;;;;;;;;;;;;;;;;;;;;;;;;;;;;;;;;;;;;;;;;;;;;;;;;;;;;;;
PATIOS TASAJERO;CL 21 AV 4 BRR TASAJERO;LOS PATIOS;N. DE SANTANDER;TASAJERO;;;;;;;;;;;;;;;;;;;;;;;;;;;;;;;;;;;;;;;;;;;;;;;;;;;;;;;;;;;;;;;;;;;;;;;;;;;;;;;;;;;;
AGCHCA CALLE 10;CL 10A 39A 04;AGUACHICA;CESAR;MARIA EUGENIA;;;;;;;;;;;;;;;;;;;;;;;;;;;;;;;;;;;;;;;;;;;;;;;;;;;;;;;;;;;;;;;;;;;;;;;;;;;;;;;;;;;;
GIRO ANILLO VIAL;CC PLAZA SAN JUAN VRD RIO FRIO LT2;GIRON;SANTANDER;RIO FRIO;;;;;;;;;;;;;;;;;;;;;;;;;;;;;;;;;;;;;;;;;;;;;;;;;;;;;;;;;;;;;;;;;;;;;;;;;;;;;;;;;;;;
BMG ALTOS CABECERA;CR 40 46 66;BUCARAMANGA;SANTANDER;ALTOS DE CABECERA;;;;;;;;;;;;;;;;;;;;;;;;;;;;;;;;;;;;;;;;;;;;;;;;;;;;;;;;;;;;;;;;;;;;;;;;;;;;;;;;;;;;
OCA•A AV FERNANDEZ;CL 4 28B 32 BRR PRIMERO DE MAYO;OCA•A;N. DE SANTANDER;1 de mayo;;;;;;;;;;;;;;;;;;;;;;;;;;;;;;;;;;;;;;;;;;;;;;;;;;;;;;;;;;;;;;;;;;;;;;;;;;;;;;;;;;;;
DARK STORE;CL 70 43W 20 KM 4;BUCARAMANGA;SANTANDER;zona industrial;;;;;;;;;;;;;;;;;;;;;;;;;;;;;;;;;;;;;;;;;;;;;;;;;;;;;;;;;;;;;;;;;;;;;;;;;;;;;;;;;;;;
BBERMEJ PASO NIVEL;CL 61 34A 39;BARRANCABERMEJA;SANTANDER;internacional;;;;;;;;;;;;;;;;;;;;;;;;;;;;;;;;;;;;;;;;;;;;;;;;;;;;;;;;;;;;;;;;;;;;;;;;;;;;;;;;;;;;
CESAR SAN ALBERTO PLAZA;CR 6B 2A 33;SAN ALBERTO;CESAR;CENTRO;;;;;;;;;;;;;;;;;;;;;;;;;;;;;;;;;;;;;;;;;;;;;;;;;;;;;;;;;;;;;;;;;;;;;;;;;;;;;;;;;;;;
BBERMEJA COMERCIO;CL 49 5 72;BARRANCABERMEJA;SANTANDER;CENTRO;;;;;;;;;;;;;;;;;;;;;;;;;;;;;;;;;;;;;;;;;;;;;;;;;;;;;;;;;;;;;;;;;;;;;;;;;;;;;;;;;;;;
CCTA LA CEIBA;AV 3 E 1 98;CUCUTA;N. DE SANTANDER;la ceiba;;;;;;;;;;;;;;;;;;;;;;;;;;;;;;;;;;;;;;;;;;;;;;;;;;;;;;;;;;;;;;;;;;;;;;;;;;;;;;;;;;;;
CCTA BELEN;AV 27 26 33;CUCUTA;N. DE SANTANDER;belen;;;;;;;;;;;;;;;;;;;;;;;;;;;;;;;;;;;;;;;;;;;;;;;;;;;;;;;;;;;;;;;;;;;;;;;;;;;;;;;;;;;;
PAMPLONA CALLE 9;CL 9 8 104 108;PAMPLONA;N. DE SANTANDER;UBR ROMERO;;;;;;;;;;;;;;;;;;;;;;;;;;;;;;;;;;;;;;;;;;;;;;;;;;;;;;;;;;;;;;;;;;;;;;;;;;;;;;;;;;;;
CCTA EL ESCOBAL;CL 7 4 162;CUCUTA;N. DE SANTANDER;EL ESCOBAL;;;;;;;;;;;;;;;;;;;;;;;;;;;;;;;;;;;;;;;;;;;;;;;;;;;;;;;;;;;;;;;;;;;;;;;;;;;;;;;;;;;;
OC•A BELLA TERRA;LT 1 MZ COMERCIAL EL TEJAR EL BAMBO;OCA•A;N. DE SANTANDER;EL RAMAL;;;;;;;;;;;;;;;;;;;;;;;;;;;;;;;;;;;;;;;;;;;;;;;;;;;;;;;;;;;;;;;;;;;;;;;;;;;;;;;;;;;;
GRON CASCO ANTIGUO;CL 31 25 18;GIRON;SANTANDER;CASCO ANTIGUO;;;;;;;;;;;;;;;;;;;;;;;;;;;;;;;;;;;;;;;;;;;;;;;;;;;;;;;;;;;;;;;;;;;;;;;;;;;;;;;;;;;;
AGCHCA CAMPO SERRANO;CL 5 7 84;AGUACHICA;CESAR;Campo Serrano;;;;;;;;;;;;;;;;;;;;;;;;;;;;;;;;;;;;;;;;;;;;;;;;;;;;;;;;;;;;;;;;;;;;;;;;;;;;;;;;;;;;
CCTA LOS LIBERTADORES;CL 17A 2E 98 116 101;CUCUTA;N. DE SANTANDER;CAOBOS;;;;;;;;;;;;;;;;;;;;;;;;;;;;;;;;;;;;;;;;;;;;;;;;;;;;;;;;;;;;;;;;;;;;;;;;;;;;;;;;;;;;
PCUEST EL MOLINO;LT DE TERRENO 2 VRD LAS AMARILLAS;PIEDECUESTA;SANTANDER;vereda las amarillas;;;;;;;;;;;;;;;;;;;;;;;;;;;;;;;;;;;;;;;;;;;;;;;;;;;;;;;;;;;;;;;;;;;;;;;;;;;;;;;;;;;;
STOS MIRADOR DEL LAGO;MIRADOR DEL LAGO LT 5 VRD MESA DE JERIDAS;LOS SANTOS;SANTANDER;LINDEROS;;;;;;;;;;;;;;;;;;;;;;;;;;;;;;;;;;;;;;;;;;;;;;;;;;;;;;;;;;;;;;;;;;;;;;;;;;;;;;;;;;;;
M STOS LINDEROS;LT 2 CONDOMINIO MESA DE LOS SANTOS;LOS SANTOS;SANTANDER;LINDEROS;;;;;;;;;;;;;;;;;;;;;;;;;;;;;;;;;;;;;;;;;;;;;;;;;;;;;;;;;;;;;;;;;;;;;;;;;;;;;;;;;;;;
CCTA PLAYA HERMOSA;AV 17E LT 1 MZ 1;CUCUTA;N. DE SANTANDER;PLAYA HERMOSA;;;;;;;;;;;;;;;;;;;;;;;;;;;;;;;;;;;;;;;;;;;;;;;;;;;;;;;;;;;;;;;;;;;;;;;;;;;;;;;;;;;;
PAMPLO PARQ PRINCIPAL;CL 6 6 57;PAMPLONA;N. DE SANTANDER;Centro ;;;;;;;;;;;;;;;;;;;;;;;;;;;;;;;;;;;;;;;;;;;;;;;;;;;;;;;;;;;;;;;;;;;;;;;;;;;;;;;;;;;;
BMGA ALFONSO LOPEZ;CL 37 8 23;BUCARAMANGA;SANTANDER;ALFONSO LOPEZ;;;;;;;;;;;;;;;;;;;;;;;;;;;;;;;;;;;;;;;;;;;;;;;;;;;;;;;;;;;;;;;;;;;;;;;;;;;;;;;;;;;;
BMGA TERMINAL;TV METROPOLITANA 13A 23 65 BRR CIUDAD VENECIA;BUCARAMANGA;SANTANDER;CIUDAD VENECIA;;;;;;;;;;;;;;;;;;;;;;;;;;;;;;;;;;;;;;;;;;;;;;;;;;;;;;;;;;;;;;;;;;;;;;;;;;;;;;;;;;;;
FBLA TRR BICENTENARIO;CL 113 32 109 BRR CALDAS;FLORIDABLANCA;SANTANDER;CALDAS;;;;;;;;;;;;;;;;;;;;;;;;;;;;;;;;;;;;;;;;;;;;;;;;;;;;;;;;;;;;;;;;;;;;;;;;;;;;;;;;;;;;
CATEDRA SAN LUIS;AV 3 8 38 BRR SAN LUIS;CUCUTA;N. DE SANTANDER;SAN LUIS;;;;;;;;;;;;;;;;;;;;;;;;;;;;;;;;;;;;;;;;;;;;;;;;;;;;;;;;;;;;;;;;;;;;;;;;;;;;;;;;;;;;
BM CIUDAD BONITA;CL 34 21 46 BRR ANTONIA SANTOS;BUCARAMANGA;SANTANDER;LA CONCORDIA;;;;;;;;;;;;;;;;;;;;;;;;;;;;;;;;;;;;;;;;;;;;;;;;;;;;;;;;;;;;;;;;;;;;;;;;;;;;;;;;;;;;
SOCO LA COMUNEROS;CR 13 16 33;SOCORRO;SANTANDER;COMUNEROS ;;;;;;;;;;;;;;;;;;;;;;;;;;;;;;;;;;;;;;;;;;;;;;;;;;;;;;;;;;;;;;;;;;;;;;;;;;;;;;;;;;;;
BARICHARA COLONIAL;CR 6 6 69 83 BRR CENTRO;BARICHARA;SANTANDER;BARICHARA;;;;;;;;;;;;;;;;;;;;;;;;;;;;;;;;;;;;;;;;;;;;;;;;;;;;;;;;;;;;;;;;;;;;;;;;;;;;;;;;;;;;
BMEJA SAN SILVESTRE;CLL 56 19 51 LC 1;BARRANCABERMEJA;SANTANDER;TORCOROMA;;;;;;;;;;;;;;;;;;;;;;;;;;;;;;;;;;;;;;;;;;;;;;;;;;;;;;;;;;;;;;;;;;;;;;;;;;;;;;;;;;;;
BMGA PEDREGOSA;CR 33 94 28 BRR PORTOFINO;BUCARAMANGA;SANTANDER;PEDREGOSA;;;;;;;;;;;;;;;;;;;;;;;;;;;;;;;;;;;;;;;;;;;;;;;;;;;;;;;;;;;;;;;;;;;;;;;;;;;;;;;;;;;;
BMGA COLORADOS;TV 21 52N 38 BRR COLORADOS;BUCARAMANGA;SANTANDER;Colorados;;;;;;;;;;;;;;;;;;;;;;;;;;;;;;;;;;;;;;;;;;;;;;;;;;;;;;;;;;;;;;;;;;;;;;;;;;;;;;;;;;;;
BBMEJA YARIMA;CLL 37 36 171 BRR YARIMA;BARRANCABERMEJA;SANTANDER;yarima;;;;;;;;;;;;;;;;;;;;;;;;;;;;;;;;;;;;;;;;;;;;;;;;;;;;;;;;;;;;;;;;;;;;;;;;;;;;;;;;;;;;
SAN GIL INDUSTRIAL;CLL 22 9 57 BRR LA INDUSTRIAL;SAN GIL;SANTANDER;;;;;;;;;;;;;;;;;;;;;;;;;;;;;;;;;;;;;;;;;;;;;;;;;;;;;;;;;;;;;;;;;;;;;;;;;;;;;;;;;;;;;
CCTA AVENIDA QUINTA;AV 5 5 44 BRR EL CENTRO;CUCUTA;N. DE SANTANDER;CENTRO;;;;;;;;;;;;;;;;;;;;;;;;;;;;;;;;;;;;;;;;;;;;;;;;;;;;;;;;;;;;;;;;;;;;;;;;;;;;;;;;;;;;
CCT AVENIDA CERO;AV 0 1N 35 URB QUINTA BOSH;CUCUTA;N. DE SANTANDER;LOS PINOS;;;;;;;;;;;;;;;;;;;;;;;;;;;;;;;;;;;;;;;;;;;;;;;;;;;;;;;;;;;;;;;;;;;;;;;;;;;;;;;;;;;;
VROSAR VI•EDOS;LT 2 SABANAS DEL ROSARIO;VILLA DEL ROSARIO;N. DE SANTANDER;CENTRO;;;;;;;;;;;;;;;;;;;;;;;;;;;;;;;;;;;;;;;;;;;;;;;;;;;;;;;;;;;;;;;;;;;;;;;;;;;;;;;;;;;;
SANGIL CARRERA 9;CR 9 9 52 54 40 44;SAN GIL;SANTANDER;MARIA AUXILIADORA;;;;;;;;;;;;;;;;;;;;;;;;;;;;;;;;;;;;;;;;;;;;;;;;;;;;;;;;;;;;;;;;;;;;;;;;;;;;;;;;;;;;
FLORIDA REPOSO;CL 56 14 105;FLORIDABLANCA;SANTANDER;EL REPOSO;;;;;;;;;;;;;;;;;;;;;;;;;;;;;;;;;;;;;;;;;;;;;;;;;;;;;;;;;;;;;;;;;;;;;;;;;;;;;;;;;;;;
CESAR RIO DE ORO;CR 2  2 08 BRR RIO DE ORO;RIO DE ORO;CESAR;RIO DE ORO;;;;;;;;;;;;;;;;;;;;;;;;;;;;;;;;;;;;;;;;;;;;;;;;;;;;;;;;;;;;;;;;;;;;;;;;;;;;;;;;;;;;
V ROSARIO MAYORISTA;VILLA NECO I;VILLA DEL ROSARIO;N. DE SANTANDER;Villa del rosario;;;;;;;;;;;;;;;;;;;;;;;;;;;;;;;;;;;;;;;;;;;;;;;;;;;;;;;;;;;;;;;;;;;;;;;;;;;;;;;;;;;;
OCA•A LIBANO;CL 7  56 276 BRR EL LIBANO BD 02;OCA•A;N. DE SANTANDER;EL LIBANO;;;;;;;;;;;;;;;;;;;;;;;;;;;;;;;;;;;;;;;;;;;;;;;;;;;;;;;;;;;;;;;;;;;;;;;;;;;;;;;;;;;;
CUC PESCADERO;CL 5  5 117 118 BRR PESCADERO;CUCUTA;N. DE SANTANDER;PESCADERO;;;;;;;;;;;;;;;;;;;;;;;;;;;;;;;;;;;;;;;;;;;;;;;;;;;;;;;;;;;;;;;;;;;;;;;;;;;;;;;;;;;;
BRR BUENOS AIRES;CR 14 49 34;BARRANCABERMEJA;SANTANDER;Buenos Aires;;;;;;;;;;;;;;;;;;;;;;;;;;;;;;;;;;;;;;;;;;;;;;;;;;;;;;;;;;;;;;;;;;;;;;;;;;;;;;;;;;;;
VR SIERRA NEVADA;CC SIERRA NEVADA PLAZA SUR LC 2;VILLA DEL ROSARIO;N. DE SANTANDER;AUTOPISTA;;;;;;;;;;;;;;;;;;;;;;;;;;;;;;;;;;;;;;;;;;;;;;;;;;;;;;;;;;;;;;;;;;;;;;;;;;;;;;;;;;;;
CUC SEVILLA;AV 7 A  3N  10 BRR SEVILLA LT 2;CUCUTA;N. DE SANTANDER;SEVILLS;;;;;;;;;;;;;;;;;;;;;;;;;;;;;;;;;;;;;;;;;;;;;;;;;;;;;;;;;;;;;;;;;;;;;;;;;;;;;;;;;;;;
SAN EL PLAYON;CR 8 CL 10 IMPAR;EL PLAYON;SANTANDER;El playon;;;;;;;;;;;;;;;;;;;;;;;;;;;;;;;;;;;;;;;;;;;;;;;;;;;;;;;;;;;;;;;;;;;;;;;;;;;;;;;;;;;;
TIENDITAS;LT 2 Y 3 SEC SANTA ANA;VILLA DEL ROSARIO;N. DE SANTANDER;SANTA ANA;;;;;;;;;;;;;;;;;;;;;;;;;;;;;;;;;;;;;;;;;;;;;;;;;;;;;;;;;;;;;;;;;;;;;;;;;;;;;;;;;;;;
GUATIGUARA;CR 3W 8N 253 LC 3 4 5 UR LA VEGA SAN ROQUE;PIEDECUESTA;SANTANDER;GUATIGUARA;;;;;;;;;;;;;;;;;;;;;;;;;;;;;;;;;;;;;;;;;;;;;;;;;;;;;;;;;;;;;;;;;;;;;;;;;;;;;;;;;;;;
PAT LA FLORESTA;MZ A URB SIERRE DEL ESTE;LOS PATIOS;N. DE SANTANDER;La Floresta;;;;;;;;;;;;;;;;;;;;;;;;;;;;;;;;;;;;;;;;;;;;;;;;;;;;;;;;;;;;;;;;;;;;;;;;;;;;;;;;;;;;
ONCE NOVIEMBRE;AV 10  17 74 BRR ONCE DE NOVIEMB;LOS PATIOS;N. DE SANTANDER;ONCE DE NOVIEMBRE;;;;;;;;;;;;;;;;;;;;;;;;;;;;;;;;;;;;;;;;;;;;;;;;;;;;;;;;;;;;;;;;;;;;;;;;;;;;;;;;;;;;
CENABASTOS;LT DE RESERVA 8  AV SEGUNDA CENA;CUCUTA;N. DE SANTANDER;CENTRAL ABASTOS ;;;;;;;;;;;;;;;;;;;;;;;;;;;;;;;;;;;;;;;;;;;;;;;;;;;;;;;;;;;;;;;;;;;;;;;;;;;;;;;;;;;;
BOLARQUI;CL 51 28 18;BUCARAMANGA;SANTANDER;BOLARQUI;;;;;;;;;;;;;;;;;;;;;;;;;;;;;;;;;;;;;;;;;;;;;;;;;;;;;;;;;;;;;;;;;;;;;;;;;;;;;;;;;;;;
DANUBIO;TV 48 57D 103;BARRANCABERMEJA;SANTANDER;DANUBIO;;;;;;;;;;;;;;;;;;;;;;;;;;;;;;;;;;;;;;;;;;;;;;;;;;;;;;;;;;;;;;;;;;;;;;;;;;;;;;;;;;;;
LA VILLA;CR 8N 6 90 Y CR 8 8N 15 BRR 20 D;VILLA DEL ROSARIO;N. DE SANTANDER;20 DE JULIO;;;;;;;;;;;;;;;;;;;;;;;;;;;;;;;;;;;;;;;;;;;;;;;;;;;;;;;;;;;;;;;;;;;;;;;;;;;;;;;;;;;;
TIERRA ALTA;AV 4 6 2 BRR EL SOL LT 3;LOS PATIOS;N. DE SANTANDER;Tierra Linda ;;;;;;;;;;;;;;;;;;;;;;;;;;;;;;;;;;;;;;;;;;;;;;;;;;;;;;;;;;;;;;;;;;;;;;;;;;;;;;;;;;;;
RIO DEL HATO;LC 13 MALL RIO DEL HATO;PIEDECUESTA;SANTANDER;RIO DEL HATO;;;;;;;;;;;;;;;;;;;;;;;;;;;;;;;;;;;;;;;;;;;;;;;;;;;;;;;;;;;;;;;;;;;;;;;;;;;;;;;;;;;;
MILLA DE ORO;LT 2 ET 2  CR 26 DEL BRR ARENALE;GIRON;SANTANDER;ARENALES;;;;;;;;;;;;;;;;;;;;;;;;;;;;;;;;;;;;;;;;;;;;;;;;;;;;;;;;;;;;;;;;;;;;;;;;;;;;;;;;;;;;
ICARO;LT G URB ICARO PAR RESIDENCIAL;LOS PATIOS;N. DE SANTANDER;Lote G Urbanizaci¢n  ICARO Parque Residencial;;;;;;;;;;;;;;;;;;;;;;;;;;;;;;;;;;;;;;;;;;;;;;;;;;;;;;;;;;;;;;;;;;;;;;;;;;;;;;;;;;;;
SABANA DE TORRES;CL 16 24 69 BRR COMUNEROS;SABANA DE TORRES;SANTANDER;COMUNEROS;;;;;;;;;;;;;;;;;;;;;;;;;;;;;;;;;;;;;;;;;;;;;;;;;;;;;;;;;;;;;;;;;;;;;;;;;;;;;;;;;;;;
NUEVO HORIZONTE;LAS MARIANAS  BRR EL RODEO;CUCUTA;N. DE SANTANDER;NUEVO HORIZONTE;;;;;;;;;;;;;;;;;;;;;;;;;;;;;;;;;;;;;;;;;;;;;;;;;;;;;;;;;;;;;;;;;;;;;;;;;;;;;;;;;;;;
AGUAS CALIENTES;CL 18 A 18 55 67 77;CUCUTA;N. DE SANTANDER;AGUAS CALIENTES;;;;;;;;;;;;;;;;;;;;;;;;;;;;;;;;;;;;;;;;;;;;;;;;;;;;;;;;;;;;;;;;;;;;;;;;;;;;;;;;;;;;
COROZAL;LT SAN CARGA KM 20 VIA PAMPLONA RECTA COROZAL;LOS PATIOS;N. DE SANTANDER;COROZAL;;;;;;;;;;;;;;;;;;;;;;;;;;;;;;;;;;;;;;;;;;;;;;;;;;;;;;;;;;;;;;;;;;;;;;;;;;;;;;;;;;;;
UNICO;TV METROPOLITANA 103 57 CC UNICO OUTLET LC 136;BUCARAMANGA;SANTANDER;FONTANA;;;;;;;;;;;;;;;;;;;;;;;;;;;;;;;;;;;;;;;;;;;;;;;;;;;;;;;;;;;;;;;;;;;;;;;;;;;;;;;;;;;;
GIRON COLONIAL;KM 7  900  22 90 LC 38 CC GIRON;GIRON;SANTANDER;Centro Comercial Gir¢n Colonial;;;;;;;;;;;;;;;;;;;;;;;;;;;;;;;;;;;;;;;;;;;;;;;;;;;;;;;;;;;;;;;;;;;;;;;;;;;;;;;;;;;;
LOPEZ CALLE 22;CL 22 14A 2;CUCUTA;N. DE SANTANDER;Alfonso Lopez;;;;;;;;;;;;;;;;;;;;;;;;;;;;;;;;;;;;;;;;;;;;;;;;;;;;;;;;;;;;;;;;;;;;;;;;;;;;;;;;;;;;
EDS SAN PEDRO;KM 7 AUT BUCARAMANGA PIEDECUESTA COSTADO O;PIEDECUESTA;SANTANDER;VALLE DE MENZULY;;;;;;;;;;;;;;;;;;;;;;;;;;;;;;;;;;;;;;;;;;;;;;;;;;;;;;;;;;;;;;;;;;;;;;;;;;;;;;;;;;;;
PARQUE PARAPENTE;FCA EL MIRADOR VRD MESA RUITOQUE FLORIDABLANCA;FLORIDABLANCA;SANTANDER;RUITOQUE ALTO;;;;;;;;;;;;;;;;;;;;;;;;;;;;;;;;;;;;;;;;;;;;;;;;;;;;;;;;;;;;;;;;;;;;;;;;;;;;;;;;;;;;
BORA;LT DE TERRENO VDA LAGUNETAS MUNICIPIO SAN JUAN DE GIR‡N;GIRON;SANTANDER;ALDEA;;;;;;;;;;;;;;;;;;;;;;;;;;;;;;;;;;;;;;;;;;;;;;;;;;;;;;;;;;;;;;;;;;;;;;;;;;;;;;;;;;;;
PRADOS NORTE;Avenida 4 Calle 14 A Norte 14 AN -8 De la Urbanizaci¢n portachuelo;CUCUTA;N. DE SANTANDER;;;;;;;;;;;;;;;;;;;;;;;;;;;;;;;;;;;;;;;;;;;;;;;;;;;;;;;;;;;;;;;;;;;;;;;;;;;;;;;;;;;;;
LOS SANTOS;calle 17 #52- 5, barrio Antonia Santos;CUCUTA;N. DE SANTANDER;;;;;;;;;;;;;;;;;;;;;;;;;;;;;;;;;;;;;;;;;;;;;;;;;;;;;;;;;;;;;;;;;;;;;;;;;;;;;;;;;;;;;
POBLADO CALLE 36;CL 36 - 23 #138;GIRON;SANTANDER;;;;;;;;;;;;;;;;;;;;;;;;;;;;;;;;;;;;;;;;;;;;;;;;;;;;;;;;;;;;;;;;;;;;;;;;;;;;;;;;;;;;;
LA 61;CL 61 17 22;BUCARAMANGA;SANTANDER;;;;;;;;;;;;;;;;;;;;;;;;;;;;;;;;;;;;;;;;;;;;;;;;;;;;;;;;;;;;;;;;;;;;;;;;;;;;;;;;;;;;;
EL DORADO;Calle 11 Carrera 30¶ BarrioˇElˇDorado;OCA•A;N. DE SANTANDER;;;;;;;;;;;;;;;;;;;;;;;;;;;;;;;;;;;;;;;;;;;;;;;;;;;;;;;;;;;;;;;;;;;;;;;;;;;;;;;;;;;;;
VILLANUEVA ;TIENDA D1 VILLANUEVA CL 13 13 03;VILLANUEVA;SANTANDER;;;;;;;;;;;;;;;;;;;;;;;;;;;;;;;;;;;;;;;;;;;;;;;;;;;;;;;;;;;;;;;;;;;;;;;;;;;;;;;;;;;;;
GRAN COLOMBIA;Av. 11 y 12E 11E -62 LT 6 MZ Z Urbanizaci¢n Quinta Oriental Av. Gran Colombia Y Calle Gran Colombia # 11 este ? 32 ? 44 urbanizaci¢n Quinta Oriental,;CUCUTA;N. DE SANTANDER;;;;;;;;;;;;;;;;;;;;;;;;;;;;;;;;;;;;;;;;;;;;;;;;;;;;;;;;;;;;;;;;;;;;;;;;;;;;;;;;;;;;;
SAN GIL PLAZA;VIA SANGIL AL SOCORRO LT 1;SAN GIL;SANTANDER;;;;;;;;;;;;;;;;;;;;;;;;;;;;;;;;;;;;;;;;;;;;;;;;;;;;;;;;;;;;;;;;;;;;;;;;;;;;;;;;;;;;;
BOSQUES DEL ESTE;Anillo Vial Escobal| Urb. Bosques del Este| lote 7;CUCUTA;N. DE SANTANDER;;;;;;;;;;;;;;;;;;;;;;;;;;;;;;;;;;;;;;;;;;;;;;;;;;;;;;;;;;;;;;;;;;;;;;;;;;;;;;;;;;;;;
BETANIA;AV 9 16 S 94 LLANITOS;CUCUTA;N. DE SANTANDER;;;;;;;;;;;;;;;;;;;;;;;;;;;;;;;;;;;;;;;;;;;;;;;;;;;;;;;;;;;;;;;;;;;;;;;;;;;;;;;;;;;;;
